lead_id,business_name,city,state_province,country,website,domain,phone,email,specialty,niche,quality_tier,confidence,source,source_wave,enrichment_method,enrichment_confidence
LANEB-MS-W104-001,Concierge Aesthetics,Irvine,CA,USA,https://www.conciergeaesthetics.com,conciergeaesthetics.com,(949) 767-0000,info@conciergeaesthetics.com,injectables,MedSpa,A,,WebSearch,W104-LaneB,website_scrape,
LANEB-MS-W104-002,Ketamine Wellness Clinic of South Florida,Pompano Beach,FL,USA,https://ketamineclinicsouthflorida.com,ketamineclinicsouthflorida.com,(954) 320-4944,contact@ketamineclinicsouthflorida.com,ketamine,MedSpa,A,,WebSearch,W104-LaneB,website_scrape,
LANEB-MS-W104-003,Carly Pearce Aesthetics,Littlehampton,West Sussex,UK,https://carlypearce.co.uk,carlypearce.co.uk,+44(0)7779 575 072,info@carlypearce.co.uk,injectables,MedSpa,A,,WebSearch,W104-LaneB,website_scrape,
LANEB-MS-W104-004,RVA Regenerative Wellness,Midlothian,VA,USA,https://www.rvaregenwellness.com,rvaregenwellness.com,786-224-6878,,regenerative,MedSpa,A,,WebSearch,W104-LaneB,website_scrape,
LANEB-MS-W104-005,Vida Aesthetics,Madison (Verona),WI,USA,https://vidaaestheticsmadison.com,vidaaestheticsmadison.com,(608) 720-4011,info@vidaaestheticsmadison.com,injectables,MedSpa,A,,WebSearch,W104-LaneB,website_scrape,
LANEB-MS-W104-006,Bad Ink Laser Clinic,Falls Church / Alexandria,VA,USA,https://www.badinkclinic.com,badinkclinic.com,,info@badinkclinic.com,laser,MedSpa,A,,WebSearch,W104-LaneB,website_scrape,
LANEB-MS-W104-007,Longevity Medical Spa,Columbia,MD,USA,https://www.lmsmedspa.com,lmsmedspa.com,(410) 290-0012,lmsmedspa@verizon.net,longevity,MedSpa,A,,WebSearch,W104-LaneB,website_scrape,
LANEB-MS-W104-008,Absolute Med Spa,Aubrey,TX,USA,https://absolutemspa.com,absolutemspa.com,(940) 286-3001,info@absolutemedspa.com,skin,MedSpa,A,,WebSearch,W104-LaneB,website_scrape,
LANEB-MS-W104-009,Thrive Med Spa,Basking Ridge,NJ,USA,https://thrivemedspa.org,thrivemedspa.org,(908) 895-5680,info@thrivemedspa.org,injectables,MedSpa,A,,WebSearch,W104-LaneB,website_scrape,
LANEB-MS-W104-010,Simply You Med Spa,Albany,GA,USA,https://simplyyoumedspa.com,simplyyoumedspa.com,(229) 883-8080,,injectables,MedSpa,A,,WebSearch,W104-LaneB,website_scrape,
LANEB-MS-W104-011,Sapphire Medical Aesthetics,Hereford,Herefordshire,UK,https://sapphiremedicalaesthetics.co.uk,sapphiremedicalaesthetics.co.uk,01432 870717,enquiries@sapphiremedicalaesthetics.co.uk,injectables,MedSpa,A,,WebSearch,W104-LaneB,website_scrape,
LANEB-MS-W104-012,Eos Aesthetics,Mooresville,NC,USA,https://eosaestheticsnc.com,eosaestheticsnc.com,(704) 360-5996,eosaestheticsnc@gmail.com,injectables,MedSpa,A,,WebSearch,W104-LaneB,website_scrape,
LANEB-MS-W104-013,Fiamo Aesthetics,Yakima,WA,USA,https://fiamoaesthetics.com,fiamoaesthetics.com,(509) 571-1361,fiamoaesthetics@gmail.com,injectables,MedSpa,A,,WebSearch,W104-LaneB,website_scrape,
LANEB-MS-W104-014,Premier Medical Spa of Lufkin,Lufkin,TX,USA,https://premiermedicalspalufkin.com,premiermedicalspalufkin.com,(936) 238-2904,info@premierlufkin.com,injectables,MedSpa,A,,WebSearch,W104-LaneB,website_scrape,
LANEB-MS-W104-015,Viva La MedSpa,Chicago / Buffalo Grove,IL,USA,https://vivalamedspa.com,vivalamedspa.com,(312) 971-5915,info@vivalamedspa.com,injectables,MedSpa,A,,WebSearch,W104-LaneB,website_scrape,
LANEB-MS-W104-016,K Beauty Lab Seattle,Seattle,WA,USA,https://kbeautylabseattle.com,kbeautylabseattle.com,(206) 999-6524,info@kbeautylabseattle.com,Korean-skincare,MedSpa,A,,WebSearch,W104-LaneB,website_scrape,
LANEB-MS-W104-017,NextGen Male Medical Clinic,Omaha,NE,USA,https://nextgenmalemedicalclinic.com,nextgenmalemedicalclinic.com,(402) 614-9700,service@nextgenmmc.com,men-focused,MedSpa,A,,WebSearch,W104-LaneB,website_scrape,
LANEB-MS-W104-018,Aesthetic Solutions Medical Clinic,Truro,Cornwall,UK,https://aestheticsolutions.co.uk,aestheticsolutions.co.uk,01872 272520,info@aestheticsolutions.co.uk,injectables,MedSpa,A,,WebSearch,W104-LaneB,website_scrape,
LANEB-MS-W104-019,Rejuvenate 528 Medical Spa,Sarasota,FL,USA,https://www.rejuvenate528.com,rejuvenate528.com,941-894-4990,,regenerative,MedSpa,A,,WebSearch,W104-LaneB,website_scrape,
LANEB-MS-W104-020,LAK MedSpa,Wayzata,MN,USA,https://www.lakmedspa.com,lakmedspa.com,952-473-6642,,injectables,MedSpa,A,,WebSearch,W104-LaneB,website_scrape,
LANEB-MS-W104-021,Gilded Glow Aesthetics,Russellville,AR,USA,https://www.gildedglowaesthetics.com,gildedglowaesthetics.com,(479) 857-1598,samanthacNP831@gmail.com,injectables,MedSpa,A,,WebSearch,W104-LaneB,website_scrape,
LANEB-MS-W104-022,Glow MedSpa,Inverness,Scotland,UK,https://glowmedspa.co.uk,glowmedspa.co.uk,07457403261,hello@glowmedspa.co.uk,injectables,MedSpa,A,,WebSearch,W104-LaneB,website_scrape,
LANEB-MS-W104-023,Medical Aesthetics Orange,Orange,NSW,Australia,(https://www.medicalaestheticsorange.com),(https,,,injectables,MedSpa,B,,WebSearch,W104-LaneB,website_scrape,
LANEB-MS-W104-024,AnAesthetics (ABM Wellness),Goldsboro,NC,USA,https://medspagoldsboro.com,medspagoldsboro.com,(919) 800-0918,abmwellness@gmail.com,injectables,MedSpa,A,,WebSearch,W104-LaneB,website_scrape,
LANEB-MS-W104-025,Natural Beauty Aesthetics,Goldsboro,NC,USA,https://www.naturalbeautygoldsboro.com,naturalbeautygoldsboro.com,(919) 229-9961,marisa@naturalbeautygoldsboro.com,injectables,MedSpa,A,,WebSearch,W104-LaneB,website_scrape,
LANEB-MS-W104-026,Conway Med Spa,Conway,AR,USA,https://www.conwaymedspa.com,conwaymedspa.com,(501) 932-0936,medspa@conwaymedspa.com,injectables,MedSpa,A,,WebSearch,W104-LaneB,website_scrape,
LANEB-MS-W104-027,Wylah Medical & Aesthetics,Bathurst / Orange,NSW,Australia,https://wylahsa.com.au,wylahsa.com.au,0477 926 918,reception@wylahsa.com.au,injectables,MedSpa,A,,WebSearch,W104-LaneB,website_scrape,
LANEB-MS-W104-028,North Coast Medispa,Lismore / Ballina / Byron Bay,NSW,Australia,https://www.northcoastmedispa.com.au,northcoastmedispa.com.au,1800 186 333,info@northcoastmedispa.com.au,injectables,MedSpa,A,,WebSearch,W104-LaneB,website_scrape,
LANEB-MS-W104-029,Skin by Nurse Ally,Alice Springs,NT,Australia,(https://skinbynurseally.gettimely.com),(https,,,injectables,MedSpa,B,,WebSearch,W104-LaneB,website_scrape,
LANEB-MS-W104-030,Elevate Wellness KC (now Respira Wellness),Lenexa,KS,USA,https://www.elevatewellnesskc.com,elevatewellnesskc.com,(816) 806-4969,drdavidwhitmer@elevatewellnesskc.com,ketamine,MedSpa,A,,WebSearch,W104-LaneB,website_scrape,
LANEB-MS-W104-031,SANTÉ Aesthetics & Regenerative Medicine,Portland,OR,USA,https://santepdx.com,santepdx.com,(971) 407-3066,info@santepdx.com,regenerative,MedSpa,A,,WebSearch,W104-LaneB,website_scrape,
LANEB-MS-W104-032,Rejuvenation Medical Aesthetics,Yakima,WA,USA,https://www.rejuvenationyakima.com,rejuvenationyakima.com,509-961-2234,,injectables,MedSpa,A,,WebSearch,W104-LaneB,website_scrape,
LANEB-MS-W104-033,Touch of Elegance MedSpa,McDonough,GA,USA,https://www.medspaelegance.com,medspaelegance.com,(470) 651-5996,info@medspaelegance.com,injectables,MedSpa,A,,WebSearch,W104-LaneB,website_scrape,
LANEB-MS-W104-034,Medical Day Spa of Chapel Hill,Chapel Hill,NC,USA,https://chapelhilldayspa.com,chapelhilldayspa.com,(919) 904-7111,spacoordinator@chapelhilldayspa.com,injectables,MedSpa,A,,WebSearch,W104-LaneB,website_scrape,
LANEB-MS-W104-035,Flawless MedSpa,Las Vegas,NV,USA,https://www.flawlessmedspas.com,flawlessmedspas.com,(702) 588-2260,info@flawlessmedspas.com,injectables,MedSpa,A,,WebSearch,W104-LaneB,website_scrape,
LANEB-MS-W104-036,Be You Medical Spa & Wellness,Missoula,MT,USA,https://www.be-you-medspa.com,be-you-medspa.com,,BeBeautiful@be-you-medspa.com,injectables,MedSpa,A,,WebSearch,W104-LaneB,website_scrape,
LANEB-MS-W104-037,Vive Med Spa,Calgary,AB,Canada,https://vivemedspa.ca,vivemedspa.ca,403-237-8428,mrjanisch@shaw.ca,injectables,MedSpa,A,,WebSearch,W104-LaneB,website_scrape,
LANEB-MS-W104-038,Angel Aesthetics Clinic,Brisbane,QLD,Australia,https://angelaestheticsclinic.com.au,angelaestheticsclinic.com.au,0435 64 703,info@angelaestheticsclinic.com.au,injectables,MedSpa,A,,WebSearch,W104-LaneB,website_scrape,
LANEB-MS-W104-039,Aesthetics on Point (SCinjectables),Brisbane (Kangaroo Point),QLD,Australia,https://www.aestheticsonpoint.com.au,aestheticsonpoint.com.au,0490 810 943,scinjectables@gmail.com,injectables,MedSpa,A,,WebSearch,W104-LaneB,website_scrape,
LANEB-MS-W104-040,CNL Aesthetics,Cheltenham,Gloucestershire,UK,https://cnlaesthetics.co.uk,cnlaesthetics.co.uk,07368 402738,cheryl@cnlaesthetics.co.uk,injectables,MedSpa,A,,WebSearch,W104-LaneB,website_scrape,
LANEB-MS-W104-041,Dr Bailey MedSpa,Leeds,West Yorkshire,UK,https://drbaileymedspa.co.uk,drbaileymedspa.co.uk,07907 198878,info@drbaileymedspa.co.uk,injectables,MedSpa,A,,WebSearch,W104-LaneB,website_scrape,
LANEB-MS-W104-042,SkinFitOKC,Edmond,OK,USA,https://skinfitokc.com,skinfitokc.com,(405) 849-5549,shylaryan@skinfitokc.com,injectables,MedSpa,A,,WebSearch,W104-LaneB,website_scrape,
LANEB-MS-W104-043,Highwater Aesthetics,Edmond,OK,USA,https://www.highwateraesthetics.com,highwateraesthetics.com,(405) 888-8105,Staff@highwateraesthetics.com,injectables,MedSpa,A,,WebSearch,W104-LaneB,website_scrape,
LANEB-MS-W104-044,The Art of Aesthetics Med Spa,Columbia,SC,USA,https://www.artofaestheticsmedspa.com,artofaestheticsmedspa.com,(803) 888-7780,artofaestheticsmedspa@gmail.com,injectables,MedSpa,A,,WebSearch,W104-LaneB,website_scrape,
LANEB-MS-W104-045,Mountain Radiance Medical Spa,Asheville,NC,USA,https://mountainradiance.com,mountainradiance.com,(828) 627-2711,info@mountainradiance.com,injectables,MedSpa,A,,WebSearch,W104-LaneB,website_scrape,
LANEB-MS-W104-046,Ketamine & IV Therapy Clinic of NWA,Lowell,AR,USA,https://www.ketamineclinicofnwa.com,ketamineclinicofnwa.com,479-318-2382,,ketamine,MedSpa,A,,WebSearch,W104-LaneB,website_scrape,
LANEB-MS-W104-047,Promethean Clinic,Vancouver,BC,Canada,https://prometheanclinic.ca,prometheanclinic.ca,778-879-7666,info@prometheanclinic.ca,injectables,MedSpa,A,,WebSearch,W104-LaneB,website_scrape,
LANEB-MS-W104-048,Australian Aesthetics Co,Seaford Meadows / Hyde Park,SA,Australia,https://australianaestheticsco.com.au,australianaestheticsco.com.au,+61 411 944 820,bookings@australianaestheticsco.com.au,injectables,MedSpa,A,,WebSearch,W104-LaneB,website_scrape,
LANEB-MS-W104-049,Bank MediSpa,Hale / Altrincham,Cheshire,UK,https://bankmedispa.co.uk,bankmedispa.co.uk,0161 204 7382,info@bankmedispa.co.uk,injectables,MedSpa,A,,WebSearch,W104-LaneB,website_scrape,
LANEB-MS-W104-050,Faces MedSpa,Dubuque,IA,USA,https://www.facesmedspa.org,facesmedspa.org,(563) 239-9039,questions@facesmedspa.org,injectables,MedSpa,A,,WebSearch,W104-LaneB,website_scrape,
LANEB-MS-W104-051,InnerBeauty Med Spa & Laser,Blaine,MN,USA,https://www.ibmedspa.com,ibmedspa.com,(763) 307-2600,ibmedspa@ibmedspa.com,injectables,MedSpa,A,,WebSearch,W104-LaneB,website_scrape,
LANEB-MS-W104-052,Aesthetic Lab,Modesto / Turlock / Stockton,CA,USA,https://aestheticlabinc.com,aestheticlabinc.com,(209) 554-5595,,injectables,MedSpa,A,,WebSearch,W104-LaneB,website_scrape,
