lead_id,business_name,city,country,to_email,subject,body,word_count,confidence
MS-0076,Atlanta MediSpa,Atlanta,USA,info@atlantamedispa.com,The silent gap after every treatment at Atlanta MediSpa,"Atlanta MediSpa sees clients walk out glowing — and then nothing. No review ask. No referral nudge. No re-booking prompt. That gap is costing you 20–30% of potential LTV every month.

MedSpa Growth Engine closes it automatically. Treatment done → review request hits their phone in 24 hrs, referral ask follows, and a 48/24hr reminder cycle killed the no-show before they even left the building.

~$20/mo in tooling. $800–$1,500/mo for me to run it. ROI works at 50+ appointments/month — most Atlanta MediSpa-caliber clinics clear that in a week.

15 min next week? I'll show you a live demo with synthetic data.

Bibek Bhandari
vibekb.1234@gmail.com",105,HIGH
MS-0078,The AgeLess Center,Atlanta,USA,info@theagelesscenter.com,What The AgeLess Center's no-shows are actually costing,"The AgeLess Center — industry no-show average is 30%. At even 10 missed appointments a month, that's $2–5K walking out the door before you've touched a syringe.

MedSpa Growth Engine runs a 48hr + 24hr automated reminder cycle the moment a booking confirms, then fires a no-show recovery sequence if they miss anyway. Post-treatment: automated review ask and referral prompt — both things that never happen mid-shift.

$800–$1,500/mo retainer. ~$20/mo in tools. Built for clinics doing 50–500 appointments/month.

Worth 15 minutes to see it running with real synthetic data?

Bibek Bhandari
vibekb.1234@gmail.com",103,HIGH
MS-0079,Conqr Aesthetics Wellness,Atlanta,USA,info@conqraesthetics.com,Conqr Aesthetics — the revenue that disappears after close,"Conqr Aesthetics Wellness closes strong. The leak is what happens 48 hours later — no review ask, no referral prompt, no re-engagement sequence for clients who went quiet.

MedSpa Growth Engine automates the full post-treatment loop: review request 24 hrs after completion, referral nudge, and a VIP flag for high-LTV clients so you know who to prioritize. Inquiry-to-booking side is covered too — instant reply to new leads, 48/24hr appointment reminders, no-show recovery.

$800–$1,500/mo. Tools cost ~$20/mo. ROI clears at 50+ appointments/month.

15 min to walk you through a live demo?

Bibek Bhandari
vibekb.1234@gmail.com",101,HIGH
MS-0101,Rejuvenate Austin,Austin,USA,hello@rejuvenateaustin.com,Rejuvenate Austin — what's the plan after treatment day?,"Rejuvenate Austin — the booking experience looks polished. The question is what happens in the 72 hours after treatment: does the review ask go out automatically, or does someone have to remember to send it?

Most clinics never send it. That means Google reviews accumulate slowly, referrals get left unasked, and clients go quiet until they book somewhere else.

MedSpa Growth Engine automates it: treatment-done click → review request and referral ask the next day, automatically. Plus 48/24hr reminders that cut no-shows before they happen.

$800–$1,500/mo. Tools run ~$20/mo. 50+ appointments/month is the sweet spot.

15 min for a live demo next week?

Bibek Bhandari
vibekb.1234@gmail.com",107,HIGH
MS-0102,Innate Beauty,Austin,USA,info@innatebeauty.com,Innate Beauty — the no-show math doesn't lie,"Innate Beauty builds real client relationships. The gap most aesthetic practices don't solve: 30% industry no-show rate, and post-treatment silence that kills repeat bookings.

MedSpa Growth Engine handles both. Automated 48/24hr reminder cycle before every appointment. After treatment: one click marks it done, triggers a review request and referral ask the next day. Your staff never has to remember to ask.

VIP retention layer flags your high-LTV clients so they get priority re-engagement.

~$20/mo in tooling. $800–$1,500/mo for me. Works at 50+ appointments/month.

15 min next week — live demo with synthetic data?

Bibek Bhandari
vibekb.1234@gmail.com",98,HIGH
MS-0103,Maui MedSpa,Austin,USA,manager@mauimedspa.com,Maui MedSpa Austin — automating the follow-up gap,"Maui MedSpa — great treatments rarely come with great follow-up. The industry average is a 30% no-show rate and review asks that never go out because nobody's job it is between patients.

MedSpa Growth Engine fixes the operational gap: inquiry → instant info reply, booking → 48/24hr reminder cycle, treatment done → automated review request + referral ask 24 hrs later. Two manager clicks per day covers the whole pipeline.

$800–$1,500/mo retainer. ~$20/mo in tools. Designed for clinics at 50–500 appointments/month.

15 min to see it running live?

Bibek Bhandari
vibekb.1234@gmail.com",96,HIGH
MS-0104,Austin Med Spa,Austin,USA,suzette@austinmedspa.com,Suzette — the clients who never came back to Austin Med Spa,"Suzette,

Austin Med Spa has the volume to make this worthwhile. The question is how many past clients silently churned because no re-engagement ever went out — no review ask, no 6-month check-in, no referral nudge.

MedSpa Growth Engine runs the retention loop automatically. Treatment complete → review + referral asks 24 hrs later. Clients who go quiet hit a VIP re-engagement sequence. No-shows get a recovery email, not just a lost slot.

$800–$1,500/mo. Tools cost ~$20/mo. ROI works at 50+ appointments/month.

15 min to see it in action?

Bibek Bhandari
vibekb.1234@gmail.com",97,HIGH
MS-0125,Glowlight Med Spa,Bellevue,USA,contacts@glowlightmedspa.com,Glowlight Med Spa — the revenue hiding in post-treatment silence,"Glowlight Med Spa — Bellevue clients expect a premium experience. The gap isn't the treatment itself — it's the 72-hour window after, where no review ask goes out and no referral prompt fires because the staff is already onto the next appointment.

MedSpa Growth Engine automates that window completely. Treatment-done click → review request + referral ask 24 hrs later. 48/24hr reminder cycle cuts no-shows before they happen. High-LTV clients get flagged for VIP retention.

~$20/mo in tooling. $800–$1,500/mo for me to run it. Built for 50–500 appointments/month.

15 min next week for a live walkthrough?

Bibek Bhandari
vibekb.1234@gmail.com",100,HIGH
MS-0126,AMARA Medical Aesthetics,Bellevue,USA,info@amaraaestheticsbellevue.com,AMARA Bellevue — what happens after a client leaves?,"AMARA Medical Aesthetics runs a clinical-grade experience. The operational gap most aesthetics practices share: the post-treatment follow-up is manual at best, nonexistent at worst.

No review ask. No referral prompt. No re-engagement for clients who go quiet after treatment two.

MedSpa Growth Engine closes that loop automatically — treatment done triggers a 24-hr review + referral sequence, and the reminder cycle before appointments cuts the 30% no-show average. VIP clients get a retention layer.

$800–$1,500/mo. Tools run ~$20/mo. Fits clinics at 50–500 appointments/month.

15 minutes to see it live?

Bibek Bhandari
vibekb.1234@gmail.com",96,HIGH
MS-0127,Muse Medspa,Bellevue,USA,jiangwenting253@gmail.com,Muse Medspa — the client lifetime value problem,"Muse Medspa — building a client base in Bellevue takes real work. Losing them to silence after treatment two is the part most practices never track.

MedSpa Growth Engine handles the retention side automatically: treatment done → review ask and referral prompt 24 hrs later, consistent 48/24hr reminders to cut no-shows, and a VIP flag for clients worth re-engaging personally.

Inquiry capture is automated too — instant reply to new leads so nobody goes cold overnight.

$800–$1,500/mo. ~$20/mo in tools. Built for 50–500 appointments/month.

15 min for a live demo?

Bibek Bhandari
vibekb.1234@gmail.com",95,HIGH
MS-0130,Flawless Medispa,Bellevue,USA,LMaragh551@gmail.com,Flawless Medispa — what the no-show rate is hiding,"Flawless Medispa — the name sets a standard. But a 30% no-show rate and zero post-treatment follow-up is anything but flawless — and it's the industry default.

MedSpa Growth Engine runs the fix automatically: 48/24hr reminder cycle before every appointment, no-show recovery sequence if they miss, treatment done → review request and referral ask the next day. Your front desk focuses on the client in the chair.

$800–$1,500/mo retainer. Tools cost ~$20/mo. ROI at 50+ appointments/month.

15 min to walk through a live demo?

Bibek Bhandari
vibekb.1234@gmail.com",94,HIGH
MS-0005,Beverly Hills Botox Consultants,Beverly Hills,USA,contact@bhderm.com,Beverly Hills Botox Consultants — the post-treatment revenue gap,"Beverly Hills Botox Consultants — at this price point, every churned client costs more than most practices' monthly retainer.

The gap isn't the treatment. It's the silence after: no automated review ask, no referral prompt, no re-engagement for clients who drifted between touch-ups.

MedSpa Growth Engine automates the full retention loop. Treatment done → review + referral sequence fires automatically. 48/24hr reminders kill no-shows before they happen. VIP clients get flagged for personal re-engagement.

$800–$1,500/mo. ~$20/mo in tools. Built for 50–500 appointments/month.

15 min to see it running with live data?

Bibek Bhandari
vibekb.1234@gmail.com",97,HIGH
MS-0149,Skin Verse Medical Spa,Beverly Hills,USA,info@skinversemedspa.com,Skin Verse Medical Spa — the 30% you're not seeing,"Skin Verse Medical Spa — Beverly Hills clients are high-value and high-expectation. A 30% no-show rate and a silent post-treatment experience doesn't match the brand.

MedSpa Growth Engine fixes both: automated 48/24hr reminder cycle before every appointment, treatment-done click triggers a review request and referral ask 24 hrs later. High-LTV clients hit a VIP retention layer automatically.

New inquiries get an instant reply so no lead goes cold overnight.

$800–$1,500/mo. Tools run ~$20/mo. Fits 50–500 appointments/month.

15 min next week for a live walkthrough?

Bibek Bhandari
vibekb.1234@gmail.com",95,HIGH
MS-0151,BW Aesthetics,Beverly Hills,USA,info@bwaesthetics.com,BW Aesthetics — what silent clients cost you,"BW Aesthetics — at the Beverly Hills market rate, one churned client who never got a re-engagement email is $500–2K walking. Multiply that by 10 clients per month and the math is uncomfortable.

MedSpa Growth Engine runs the retention side automatically: treatment done → 24-hr review ask and referral prompt. 48/24hr reminder cycle cuts no-shows. VIP flag triggers personal re-engagement for top clients.

$800–$1,500/mo retainer. ~$20/mo in tools. Built for clinics at 50–500 appointments/month.

15 min to see a live demo?

Bibek Bhandari
vibekb.1234@gmail.com",93,HIGH
MS-0152,AsandraMD Anti-Aging,Beverly Hills,USA,drchris@asandramd.com,Dr. Chris — the operational layer your practice is missing,"Dr. Chris,

AsandraMD runs clinical-grade anti-aging. The operational gap most MD-led practices share: the follow-up loop after treatment is entirely manual — review asks, referral prompts, re-engagement for patients who go quiet between visits.

MedSpa Growth Engine automates that layer completely. Treatment done → review + referral sequence 24 hrs later. 48/24hr appointment reminders cut the no-show rate. High-LTV patients get a VIP retention flag.

$800–$1,500/mo. ~$20/mo in tools. Designed for 50–500 appointments/month.

15 min to walk through how it runs in practice?

Bibek Bhandari
vibekb.1234@gmail.com",93,HIGH
MS-0006,Amor Aesthetics MT,Billings,USA,hello@amoraestheticsmt.com,Amor Aesthetics — Billings is a small market. Every client counts.,"Amor Aesthetics — in a market like Billings, there are no wasted clients. A no-show that never gets recovered, a satisfied client who never got asked for a review, a referral that never got requested — each one matters more than in a metro.

MedSpa Growth Engine is built for exactly this: automated 48/24hr reminders to kill no-shows, post-treatment review + referral asks that fire automatically, and a re-engagement sequence for clients who've gone quiet.

$800–$1,500/mo. ~$20/mo in tools. Works at 50–500 appointments/month.

15 min to see how it runs?

Bibek Bhandari
vibekb.1234@gmail.com",100,HIGH
MS-0181,Smart Skin Med Spa,Birmingham,USA,info@smartskinmedspa.com,Smart Skin Med Spa — what's the retention plan after treatment?,"Smart Skin Med Spa — Birmingham clients who trust you with their skin are worth re-engaging. The problem is nobody sends the review ask or referral prompt mid-shift, so it just doesn't happen.

MedSpa Growth Engine fixes the operational gap: treatment done → automated review request + referral ask fires 24 hrs later. 48/24hr reminder cycle before every appointment cuts no-shows. New inquiries get instant replies so leads don't go cold.

$800–$1,500/mo. Tools run ~$20/mo. ROI works at 50+ appointments/month.

15 min next week for a live walkthrough?

Bibek Bhandari
vibekb.1234@gmail.com",97,HIGH
MS-0182,Azia Medical Spa,Birmingham,USA,Theaziaexperience@gmail.com,Azia Medical Spa — the experience ends too soon,"Azia Medical Spa — the brand promise is an experience. But the experience for most clients ends the moment they walk out the door. No follow-up, no review ask, no personal re-engagement until they eventually book somewhere else.

MedSpa Growth Engine extends the experience automatically: treatment done → review + referral sequence 24 hrs later, 48/24hr reminders before every appointment, VIP clients flagged for personal attention.

$800–$1,500/mo. ~$20/mo in tools. Built for 50–500 appointments/month.

15 min to see it running?

Bibek Bhandari
vibekb.1234@gmail.com",90,HIGH
MS-0183,Infinity Med-I-Spa,Birmingham,USA,infinitymedispa.al@gmail.com,Infinity Med-I-Spa — the gap between visits costs you clients,"Infinity Med-I-Spa — great results bring clients back, but only if someone follows up. The industry default is silence between treatments: no review ask, no referral prompt, no nudge for clients who've been quiet 90+ days.

MedSpa Growth Engine automates the loop: treatment-done click → review + referral request the next day. 48/24hr reminder cycle before appointments. Re-engagement sequence for clients who go quiet. VIP flag for high-LTV clients.

$800–$1,500/mo. ~$20/mo in tools. Designed for 50–500 appointments/month.

15 min to see how it runs in practice?

Bibek Bhandari
vibekb.1234@gmail.com",95,HIGH
MS-0193,OM Med Spa,Boise,USA,info@ommedspa.com,OM Med Spa Boise — the post-treatment silence problem,"OM Med Spa — the mindful approach to aesthetics deserves equally mindful client retention. Industry average: 30% no-show rate, and review asks that almost never go out because they're not anyone's explicit job.

MedSpa Growth Engine handles both automatically. Booking confirms → 48/24hr reminder cycle. Treatment done → review request + referral ask fires 24 hrs later. High-LTV clients get flagged for VIP re-engagement.

$800–$1,500/mo. ~$20/mo in tools. Works at 50–500 appointments/month.

15 min to walk through a live demo?

Bibek Bhandari
vibekb.1234@gmail.com",93,HIGH
MS-0194,Spa 35 Boise,Boise,USA,betterskin@spa35.com,Spa 35 — better skin starts with better follow-up,"Spa 35 — the tagline is about better skin. The revenue gap most aesthetic clinics share is the follow-up after: no automated review ask, no referral prompt, no re-engagement for clients who drift between visits.

MedSpa Growth Engine automates the full loop. Treatment done → review + referral sequence fires the next day. 48/24hr reminders cut no-shows before they cost you a slot. New leads get instant replies so nothing goes cold overnight.

$800–$1,500/mo. ~$20/mo in tools. Designed for 50–500 appointments/month.

15 min next week to see it live?

Bibek Bhandari
vibekb.1234@gmail.com",96,HIGH
MS-0198,Mindful Med Spa,Boise,USA,info@mindful-medspa.com,Mindful Med Spa — the client journey needs automation after treatment too,"Mindful Med Spa — the intake and booking experience is thoughtful. The gap is the 72-hour window after treatment: no review ask, no referral prompt, no follow-up for clients who've been quiet since their last visit.

MedSpa Growth Engine runs that window automatically. Treatment done → review request and referral ask fire the next day. 48/24hr reminder cycle before every appointment. Re-engagement sequences for clients who drift.

$800–$1,500/mo. ~$20/mo in tools. Built for 50–500 appointments/month.

15 min to see it running live?

Bibek Bhandari
vibekb.1234@gmail.com",94,HIGH
MS-0199,Skin Aesthetics Boise,Boise,USA,valerie@skinaestheticsboise.com,Valerie — what Skin Aesthetics Boise is leaving on the table,"Valerie,

Skin Aesthetics Boise has the results. The gap is what happens after the client walks out — no automated review request, no referral ask, no re-engagement for clients who haven't been back in 90 days.

MedSpa Growth Engine closes that gap automatically. Treatment done → review + referral sequence fires 24 hrs later. 48/24hr reminder cycle before every booking kills no-shows. VIP clients get flagged for personal re-engagement.

$800–$1,500/mo. ~$20/mo in tools. ROI works at 50+ appointments/month.

15 min to see a live demo?

Bibek Bhandari
vibekb.1234@gmail.com",93,HIGH
MS-0196,Bobbi Bullock Medical Esthetics,Boise,USA,hello@bobbibullock.com,Bobbi — the clients who got results but never came back,"Bobbi,

Bobbi Bullock Medical Esthetics builds real client trust. The leak is operational, not clinical: treatment results don't automatically trigger a review ask, a referral prompt, or a re-engagement sequence when clients go quiet.

MedSpa Growth Engine runs that layer. Treatment done → review request + referral ask the next day, automatically. 48/24hr reminders before every appointment cut no-shows. High-LTV clients get VIP re-engagement flagging.

$800–$1,500/mo. Tools run ~$20/mo. Works at 50–500 appointments/month.

15 min next week to walk through it live?

Bibek Bhandari
vibekb.1234@gmail.com",92,HIGH
MS-0009,Instinct Holistic Medical Spa,Bozeman,USA,frontdesk@instinctbozeman.com,Instinct Bozeman — the retention gap after a holistic treatment,"Instinct Holistic Medical Spa — the whole-body approach is a strong differentiator. The gap most holistic practices share with the broader medspa industry: post-treatment follow-up is manual, inconsistent, and usually doesn't happen.

No review ask. No referral prompt. No re-engagement for clients who haven't been back in 60+ days.

MedSpa Growth Engine automates the loop: treatment done → review + referral sequence the next day. 48/24hr reminders before appointments. Re-engagement for quiet clients.

$800–$1,500/mo. ~$20/mo in tools. Built for 50–500 appointments/month.

15 min to see it in action?

Bibek Bhandari
vibekb.1234@gmail.com",99,HIGH
MS-0229,Lola Aesthetics & Medical Spa,Brooklyn,USA,flolangenp@gmail.com,Lola Aesthetics Brooklyn — the follow-up most clinics never send,"Lola Aesthetics & Medical Spa — Brooklyn clients talk to each other. A well-timed referral ask after a great treatment is the highest-ROI thing a medspa can do, and it almost never happens because nobody sends it mid-shift.

MedSpa Growth Engine automates it. Treatment done → review request + referral ask 24 hrs later, automatically. 48/24hr reminders cut no-shows. New inquiry → instant reply so no lead goes cold.

$800–$1,500/mo. ~$20/mo in tools. ROI at 50+ appointments/month.

15 min next week for a live demo?

Bibek Bhandari
vibekb.1234@gmail.com",94,HIGH
MS-0252,Vive Med Spa,Calgary,Canada,info@vivemedspa.ca,Vive Med Spa Calgary — what silent clients are costing you,"Vive Med Spa — Calgary's aesthetic market is competitive. The practices that retain best aren't doing more treatments — they're doing better follow-up: review asks that actually go out, referral prompts that fire automatically, re-engagement for clients between visits.

MedSpa Growth Engine handles the full loop: treatment done → review + referral sequence 24 hrs later. 48/24hr reminder cycle kills no-shows. New inquiries get instant replies. VIP clients flagged for retention.

$800–$1,500/mo CAD-equivalent retainer. ~$20/mo in tools. Works at 50–500 appointments/month.

15 min to see a live demo?

Bibek Bhandari
vibekb.1234@gmail.com",98,HIGH
MS-0257,Juvea Aesthetics,Calgary,Canada,hello@juveaaesthetics.ca,Juvea Aesthetics — the client experience gap after the door closes,"Juvea Aesthetics — the intake experience at a clinic named for youth and renewal should extend past the treatment room door. Most aesthetic practices lose clients not to bad results but to silence: no follow-up, no review ask, no re-booking prompt.

MedSpa Growth Engine automates the post-treatment loop entirely. Treatment done → review + referral sequence fires the next day. 48/24hr reminders cut no-shows. Quiet clients hit re-engagement sequences.

$800–$1,500/mo. ~$20/mo in tools. Built for 50–500 appointments/month.

15 min to walk through it live?

Bibek Bhandari
vibekb.1234@gmail.com",96,HIGH
MS-0259,XMEDISPA,Calgary,Canada,xmedispa@gmail.com,XMEDISPA Calgary — the revenue gap after every treatment,"XMEDISPA — strong brand, competitive market. The operational gap most Calgary medspas share: no automated review ask, no referral prompt, no re-engagement sequence for clients who disappear between treatments.

MedSpa Growth Engine runs that layer automatically. Treatment done → review request + referral ask 24 hrs later. 48/24hr appointment reminders. Re-engagement for quiet clients. Instant reply to new inquiries.

$800–$1,500/mo. ~$20/mo in tools. Designed for clinics doing 50–500 appointments/month.

15 min to see it running with live data?

Bibek Bhandari
vibekb.1234@gmail.com",88,HIGH
MS-0253,Calgary MediSpa,Calgary,Canada,info@calgarymedispa.com,Calgary MediSpa — the post-treatment follow-up problem,"Calgary MediSpa — a practice with that name needs to own the full client journey, not just the treatment. The gap: review asks, referral prompts, and re-engagement sequences almost never happen automatically.

MedSpa Growth Engine closes it. Treatment done → review + referral request fires 24 hrs later. 48/24hr reminders before every appointment cut no-shows. High-LTV clients get flagged for VIP retention.

$800–$1,500/mo. ~$20/mo in tools. Works at 50–500 appointments/month.

15 min next week to see a live demo?

Bibek Bhandari
vibekb.1234@gmail.com",90,HIGH
