name,phone,email
MedLuxe Spa,(786) 623-3276,miami@medluxespa.com
MDW Aesthetics Miami,(305) 995-5439,brickell@mdwaesthetics.com
Euphoria Aesthetics,(786) 801-4479,
Dolce Medical Spa - Miami,(786) 305-8898,
Zeugma MedSpa,(305) 481-5659,info@zeugmaspa.com
Alicia Med Spa,(917) 854-9121,
Arviv Medical Aesthetics Miami,(305) 340-9002,info@arvivaesthetics.com
LUX MedSpa Brickell,(305) 988-9388,info@luxmedspabrickell.com
Bella Vida Aesthetics & Wellness,(786) 338-8346,info@bellavidaaesthetics.com
4Ever Young Med Spa - Miami Midtown,(786) 982-0255,info@miamimidtown.4everyoung.com
Deluxe Med Spa Beauty,(786) 901-0611,info@deluxemedspabeauty.com
Caruna Med Spa & Laser Center,(305) 456-9336,info@carunamedspa.com
Flawless Aesthetics,(786) 452-1968,
Zia Medical Aesthetics,(754) 223-8802,info@ziamedicalaesthetics.com
Aviva Medical Spa,(786) 812-8622,info@avivamedicalspa.com
Vikara Esthetics,(786) 949-3223,
SkinSpirit Miami,(786) 983-9700,worldcenter@skinspirit.com
DermacareMD - Brickell,(305) 579-9836,info@dermacarebrickell.com
No Filter Medical Spa,(305) 619-2651,info@nofiltermedspa.com
Monaco MedSpa,(786) 536-6117,officemanager@monacomedspa.com
BeautyFix Miami,,booking@beautyfixmedspa.com
World of Beauty Miami,(786) 603-9795,info@worldofbeauty.miami
Laser & Skin Medical - Edgewater,(786) 796-3469,
Brickell Clinical,(305) 504-4517,info@brickellashes.com
Dolce Vita Aesthetics,(786) 520-7635,dolcevitaaesthetics207@gmail.com
SkinLocal Midtown Miami,(786) 701-8106,midtown@theskinlocal.com
Rituals Aesthetics,(305) 848-2799,
The Clinic USA (Training Academy),(561) 786-5592,
SKIN INSTITUTE OF AESTHETICS,(786) 584-7199,
Brickell Cosmetic Center,(305) 456-6001,info@brickellcosmetic.com
Face by Alexandra Francesca,(786) 512-0997,
NuYou Medical Aesthetics,(305) 204-0659,inquiries@lovethenuyou.com
Plump Cosmetics & Injectables,(305) 702-0274,info@getplump.com
Sisu Clinic Miami,(786) 635-1565,
YM Aesthetics Clinic Miami,(786) 909-7237,
Blonde Girl Aesthetics by Dr. Alex,(786) 833-8366,
Dr. Hamadiya Miami Wellness,(305) 469-1188,
Avanestetic Clinic,(786) 833-5466,
Facial Mania Med Spa Midtown,(305) 614-3987,
Skin Shine by Sarit,(305) 876-4150,
NU Med Clinic and MediSpa,(416) 724-1460,info@numedclinic.ca
Canada MedLaser Scarborough,(647) 694-2465,info@canadamedlaser.ca
Rejuvenate Skin Boutique,(647) 609-6808,info@rejuvenateskinboutique.com
Skin and Soul,(416) 284-7224,info@skinandsoul.ca
Precision Beauty Canada,(289) 314-1599,info@precisionbeautycanada.com
Ksthetics Injectables,(416) 625-3412,info@ksthetics.ca
La Visage Spa,(647) 550-7339,
Silk Aesthetic Skin Clinic,(647) 514-7455,info@silkaestheticclinic.com
skin Aesthetique,(416) 885-0129,info@skinaesthetique.ca
Medi Hair Loss Clinic,(437) 562-1317,info@medihairlossclinic.com
Radiance Medspa & Beauty Bar,(416) 628-0777,info@radiancetoronto.com
Body Serenity Spa Inc.,(416) 833-2776,info@bodyserenityspa.setmore.com
Withme Spa,(416) 297-7488,info@withmespa.com
Bare Beauty Clinic,(647) 761-2273,info@barebeautyclinic.ca
Victoria Clinique,(647) 219-2307,info@victoriaclinique.ca
My Aesthetic Lab,(647) 462-0112,info@myaestheticlab.com
Let Them Notice,(416) 904-6653,info@letthemnotice.com
All About Medical Esthetics,(855) 663-2263,info@allaboutmedicalesthetics.ca
The Beauty Standard,(437) 907-9557,info@thebeautystandard.ca
VIVA SKIN Medical Aesthetic,(647) 812-1346,info@vivaskinclinic.ca
Plumpitupp Inc.,(289) 834-9248,info@plumpitupp.com
Skin6 Toronto Medical Spa,(416) 362-6266,info@skin6.com
Med Spa Toronto Rejuvenation,(855) 698-1448,info@rejuvenationmedspa.ca
Clinique De Mode Downtown,(416) 551-3551,info@cliniquedemode.com
Bloor West Medspa,(416) 580-4600,info@bloorwestmedspa.com
Skin & Bodyfresh Med Clinic,(416) 761-0003,info@skinandbodyfresh.ca
MeSO Medspa Etobicoke,(647) 277-4645,info@mesospa.com
Starlight Med Spa,(416) 532-6200,info@starlightmedspa.com
Signature Beauty Lounge,(905) 771-1376,info@signaturebeautylounge.ca
The ART Clinic,(647) 915-3782,info@artclinic.ca
The One Clinic,(647) 968-4218,info@theoneclinic.ca
ANAesthetics,(647) 574-9490,info@anmedicalaesthetics.com
SkinVantage Medical Aesthetic,(416) 474-7035,info@skinvantage.ca
Banff Aesthetics Clinic,(647) 448-8104,info@banffaesthetics.ca
Fresh Cosmetic Clinic,(416) 732-2219,info@freshcosmeticclinic.com
TT Centre for Aesthetic Medicine,(647) 513-8826,info@ttaestheticmedicine.com
Park Medical Aesthetics,(437) 915-9219,info@parkmedicalaesthetics.com
Infinity Beauty Lab Med Spa,(561) 232-0263,info@infinitybeautylab.com
Miami Skin Spa Aesthetics,(305) 557-1615,info@miamiskinspa.com
Face and Body Concept,(786) 472-6262,info@fbconcept.net
Solea Brickell Spa,(786) 418-4515,info@soleabrickellspa.com
Asha Esthetic & Medspa,(305) 505-7853,info@ashaesthetics.com
Beauty By Nuvo You MedSpa,(786) 369-0941,info@nuvoyou.com
Myderma Med Spa,(786) 247-3509,info@myderma.net
Diamond Med Spa,(786) 439-7427,info@diamondmedspa.net
Charette Cosmetics Medical Spa,(404) 430-4378,info@charettecosmetics.com
Reserve Medspa,(786) 541-3773,info@reservemedspa.com
VIIV WELLNESS HAUS,(786) 550-6249,info@viivwellnesshaus.com
Skin Spa NY Miami Beach,(305) 397-8484,info@skinspanewyork.com
Rejuvaline Medspa Flamingo,(786) 884-0110,info@rejuvalinemedspa.com
Microneedling Miami Center,(786) 940-6291,info@microneedlingmiamicenter.com
Chadia Ali MedSpa,(754) 327-9802,info@chadiaalimedspa.com
Pure Beauty Laser Med Spa,(305) 763-8002,info@purebeautysobe.com
Facial Mania Med Spa,(305) 376-7261,info@facialmaniamedspamiami.com
Vanity Point & Wellness,(305) 799-4576,info@vanitypointwellness.com
Med Aesthetics Miami,(305) 356-7402,info@medaestheticsmiami.com
Plenitude MedSpa,(786) 400-1615,info@plenitudemedspa.com
Danico Med Spa,(305) 989-6133,info@danicomed.com
Now You Glow,(305) 316-4810,info@nowyouglowmedspa.com
SkinHealth,(786) 768-1234,
Miami Skin & Vein,(786) 618-5039,info@miamiskinandvein.com
Selfie Aesthetic,(305) 390-8440,info@selfieaesthetic.com
Renue Med Spa,(604) 617-5557,info@renuemedspa.com
First Ave Medical Spa,(604) 568-0558,info@firstavemedicalspa.com
Ovo Medi Spa,(778) 653-9034,info@ovomedispa.com
Elena's Medi Spa,(604) 366-8985,info@elenasmedispa.com
Vancouver Medi Spa,(604) 620-1772,info@vancouvermedispa.ca
Medical Rejuvenation Centre,(604) 763-7546,info@mrcbc.com
Silver Springs Medical Spa,(604) 687-1887,info@silverspringsspa.com
Nuva Med Spa,(604) 205-7821,info@nuvamedspa.ca
3D Lifestyle Medical Aesthetics,(604) 259-6571,info@3dlifestyle.ca
Refresh Evolution Med Spa,(778) 783-2925,info@refreshevolution.com
Hair Haven Medical Spa,(778) 688-4323,info@hairhavenclinic.ca
Reign Medispa,(604) 821-6688,info@reignmedispa.com
BeauTouch Medical Spa,(778) 706-7660,info@beautouch.ca
67 Degrees Cosmetic Clinic,(778) 929-5580,info@67degrees.com
La Cachette Spa,(604) 214-3716,info@lacachettespa.com
Templuslife Medical Spa,(604) 783-2228,info@templuslife.com
Cinderella Beauty Richmond,(604) 232-9535,info@cinderellabeauty.clinic
BioPlus Laser & Skin Clinic,(604) 638-2298,info@biopluslaser.com
Synergy Advanced Laser,(236) 998-2938,info@synergyadvancedlaser.com
SKIN STUDIO MD+ by SENNIYO,(604) 244-7333,info@skinstudiomd.ca
Richmond Anti-Aging Clinic,(604) 277-9006,info@richmondantiaging.ca
Jade Clinics Richmond,(604) 273-9091,info@jadeclinics.com
Fresh Canvas Spa & Laser Centre,(604) 439-9345,info@freshcanvasspa.com
Rmedy Aesthetics,(604) 416-4816,info@rmedyaesthetics.com
Monet Aesthetic Clinic,(604) 433-8480,info@monetaesthetic.ca
Pura Aesthetics Clinic,(604) 568-5888,
EverYoung Laser & Skin Care,(604) 305-2098,info@everyoungmed.com
SkinArt MD,(604) 639-2581,info@skinartmd.ca
Prestige Laser & Skin Clinic,(604) 553-3433,info@prestigelaserskinclinic.ca
BioPlus Burnaby,(604) 638-2299,info@biopluslaser.com
Lux Skin Lab,(778) 655-3688,info@luxskinlab.ca
Cinderella Beauty Burnaby,(604) 620-8619,info@cinderellabeauty.clinic
Glow Aesthetic Center Med Spa,(818) 905-8815,info@glowmedspaencino.com
Marbella MedSpa,(818) 627-2626,info@marbellamedicalspa.com
Refresh Med Spa L.A.,(818) 864-7546,info@refreshmedspala.com
S.T. Medspa,(818) 514-6399,
La Belle Vie MedSpa,(818) 392-8500,info@labelleviemedspa.com
MDS Medical Spa,(818) 348-6050,info@mdsmedspa.com
South Coast MedSpa,(877) 650-7267,info@southcoastmedspa.com
Lovely Med Spa,(818) 436-2134,info@lovelymedspa.com
Sylmar Med Spa,(818) 408-8008,info@sylmarmedspa.com
Granada Hills Med Spa,(818) 322-4508,info@granadahillsmedspa.com
Belle Rose LA MedSpa,(424) 645-9288,info@bellerosela.com
NakedMD Beverly Hills,(424) 285-0886,info@nakedmd.com
Santosha Aesthetics,(310) 740-9373,info@santoshaaesthetics.com
Tina Beauty Medical Spa,(310) 467-1355,info@tinabeautymedicalspa.com
Aesthetic Body Solutions,(310) 424-5959,
Pacific Lipo Los Angeles,(424) 421-2250,info@pacificlipo.com
Beauty Villa Vergara,(818) 747-2172,info@marianavergara.com
VS Med Spas,(310) 866-7756,info@vsmedspas.com
NakedMD Santa Monica,(424) 228-9778,info@nakedmd.com
Cienega Medical Santa Monica,(310) 341-2741,info@cienegaspa.com
Santa Monica Medical Aesthetics,(310) 403-9576,info@santamonicamedicalaesthetics.com
Skin Remedies,(310) 453-6474,info@skinremedies.com
Ava MD,(310) 828-2282,info@avamd.com
Kalologie Santa Monica,(310) 310-3776,info@kalologie.com
Sepi Spa,(310) 998-1958,info@sepispa.com
Ocean Avenue Aesthetics,(310) 310-3850,info@oceanavenueaesthetics.com
LushBeauty MedSpa,(646) 596-9799,info@lushbeautymedspa.com
Beso Aesthetics Med Spa NYC,(212) 970-2376,info@besoaesthetics.com
Deep Blue Med Spa,(646) 480-6226,info@deepbluemedspa.com
UpLift Spa,(646) 952-2084,info@upliftspa.com
SkinSpirit New York UES,(212) 838-4800,info@skinspirit.com
Montesino Esthetic Center,(646) 626-9007,info@montesinoec.net
Comprehensive Wellness Medspa,(212) 380-8816,info@comprehensivewellnessmedspa.com
TimeLyss Med Spa,(917) 581-1957,info@timelyssmedspa.com
VJ MedSpa,(212) 365-4783,info@vjmednyc.com
Smooth Synergy Medical Spa,(212) 397-0111,info@smoothsynergy.com
Central Park West Med Spa,(917) 696-9085,info@centralparkwestmedspa.com
Park Avenue Plastic Surgery Med Spa,(212) 472-8700,info@parkavenueplasticsurgery.com
Future Face & Body Medspa,(212) 680-4069,info@futurefaceandbody.com
SKINNEY Medspa,(646) 212-2316,info@skinneymedspa.com
