name,phone,email,city,state,source
Euphoria Aesthetics,(786) 801-4479,,Miami,FL,Apify 2026-08
Dolce Medical Spa - Miami,(786) 305-8898,,Miami,FL,Apify 2026-08
Alicia Med Spa,(917) 854-9121,,Miami,FL,Apify 2026-08
Flawless Aesthetics,(786) 452-1968,,Miami,FL,Apify 2026-08
Vikara Esthetics,(786) 949-3223,,Miami,FL,Apify 2026-08
Laser & Skin Medical - Edgewater,(786) 796-3469,,Miami,FL,Apify 2026-08
Rituals Aesthetics,(305) 848-2799,,Miami,FL,Apify 2026-08
The Clinic USA (Training Academy),(561) 786-5592,,Miami,FL,Apify 2026-08
SKIN INSTITUTE OF AESTHETICS,(786) 584-7199,,Miami,FL,Apify 2026-08
Face by Alexandra Francesca,(786) 512-0997,,Miami,FL,Apify 2026-08
Sisu Clinic Miami,(786) 635-1565,,Miami,FL,Apify 2026-08
YM Aesthetics Clinic Miami,(786) 909-7237,,Miami,FL,Apify 2026-08
Blonde Girl Aesthetics by Dr. Alex,(786) 833-8366,,Miami,FL,Apify 2026-08
Dr. Hamadiya Miami Wellness,(305) 469-1188,,Miami,FL,Apify 2026-08
Avanestetic Clinic,(786) 833-5466,,Miami,FL,Apify 2026-08
Facial Mania Med Spa Midtown,(305) 614-3987,,Miami,FL,Apify 2026-08
Skin Shine by Sarit,(305) 876-4150,,Miami,FL,Apify 2026-08
La Visage Spa,(647) 550-7339,,Toronto,ON,swarm 2026-04
SkinHealth,(786) 768-1234,,Miami,FL,swarm 2026-04
Pura Aesthetics Clinic,(604) 568-5888,,Vancouver,BC,swarm 2026-04
S.T. Medspa,(818) 514-6399,,Los Angeles,CA,swarm 2026-04
Aesthetic Body Solutions,(310) 424-5959,,Los Angeles,CA,swarm 2026-04
