id,name,city_area,state,country,neighborhood,website,phone,email,rating,reviews,category,address,placeId,women_owned,latino_owned,lgbtq_owned,black_owned,asian_owned,veteran_owned,online_scheduling,membership,quality_score,bucket,hook,notes
A01,Great Many Buckhead,Atlanta,Georgia,US,Buckhead Village,https://greatmany.com/,(404) 400-2800,hello@greatmany.com,5,80,Hair replacement service,"300 Buckhead Ave NE, Atlanta, GA 30305",ChIJ9YpaWjMF9YgRndBqu5pC_6E,false,false,false,false,false,false,true,false,8,A,single-location indie on Buckhead Village — exactly the size where automation compounds fastest,Atlanta run; bucket A; score 8
A02,Flawless Skin Boutique Med Spa - Fillers - Skin Tightening,Atlanta,Georgia,US,South Tuxedo Park,https://flawless-skin-boutique.com/,(678) 263-2777,clientconcierge@flawless-skin-boutique.com,5,121,Skin care clinic,"110 E Andrews Dr NW Ste 203, Atlanta, GA 30305",ChIJ9z7PTFcF9YgRd1xM2y7PxY8,true,false,false,false,false,false,true,false,9,A,women-owned indie on South Tuxedo Park where the front desk and the owner are the same person,Atlanta run; bucket A; score 9
A03,SkynBar,Atlanta,Georgia,US,East Chastain Park,https://skynbaratlanta.com/?utm_source=gbp&utm_medium=organic&utm_campaign=gbp-listing&utm_content=atlanta,(470) 305-5850,,5,284,Skin care clinic,"3872 Roswell Rd NE Suite D4, Atlanta, GA 30342",ChIJOx9qzmAP9YgRbdG7imrm7FQ,false,false,false,false,false,false,true,false,8,A,284 reviews at 5 stars — operator-cares-about-every-client signal,Atlanta run; bucket A; score 8
A04,Skin Pharm,Atlanta,Georgia,US,Buckhead Village,https://skinpharm.com/,(404) 314-4545,hello@skinpharm.com,5,321,Skin care clinic,"371 East Paces Ferry Rd NE #825, Atlanta, GA 30305",ChIJcRhgPWEF9YgR_St2rnaTxAY,true,false,false,false,false,false,true,false,9,A,women-owned indie on Buckhead Village where the front desk and the owner are the same person,Atlanta run; bucket A; score 9
A05,Hebe Aesthetics and Vitality,Atlanta,Georgia,US,East Chastain Park,https://hebeaestheticsandvitality.com/,(470) 607-3866,admin@hebeaestheticsandvitality.com,5,50,Skin care clinic,"Located inside (Institut’ Dermed Spa, 3726 Roswell Rd NE, Atlanta, GA 30342",ChIJfRbP3xR19YgR1B5KMcNcbsY,false,false,false,false,false,true,false,false,8,A,single-location indie on East Chastain Park — exactly the size where automation compounds fastest,Atlanta run; bucket A; score 8
A06,Artisan Beauté - Buckhead,Atlanta,Georgia,US,South Tuxedo Park,https://artisanplasticsurgery.com/,(770) 637-2919,,4.9,410,Skin care clinic,"3150 Roswell Rd Suite B-1, Atlanta, GA 30305",ChIJ9zQ0EzsF9YgRnOHGmMkcnQE,true,false,false,false,false,false,true,false,9,A,women-owned indie on South Tuxedo Park where the front desk and the owner are the same person,Atlanta run; bucket A; score 9
A07,VivaMD Clinic,Atlanta,Georgia,US,Buckhead Village,https://www.vivamd.org/,(404) 618-4142,info@vivamdclinic.com,5,123,Skin care clinic,"3091 E Shadowlawn Ave NE, Atlanta, GA 30305",ChIJAYZS5lwT9YgRFrZjXrHOIPc,true,false,false,false,true,false,true,false,10,A,women-owned indie on Buckhead Village where the front desk and the owner are the same person,Atlanta run; bucket A; score 10
P01,National Hair Loss Medical Aesthetics,Scottsdale,Arizona,US,Central Scottsdale,https://nhlma.com/,(602) 283-2355,info@nhlma.com,4.9,124,Hair replacement service,"7000 E Shea Blvd C1580, Scottsdale, AZ 85254",ChIJQQD1Jz91K4cR46STHfIzmf8,true,false,false,false,false,false,true,false,9,A,women-owned indie on Central Scottsdale where the front desk and the owner are the same person,Phoenix run; bucket A; score 9
P02,Estetica Cosmetic Surgery,Scottsdale,Arizona,US,Ironwood Office Suites,http://anewbeautifulyou.com/about/contact-us/,(480) 551-0581,,5,124,Skin care clinic,"9450 E Ironwood Square Dr, Scottsdale, AZ 85258",ChIJAQBwUUZ1K4cR365Y0cvriRM,false,false,false,false,false,false,false,false,8,A,124 reviews at 5 stars — operator-cares-about-every-client signal,Phoenix run; bucket A; score 8
A08,"Christine M. Law, MD",Atlanta,Georgia,US,Buckhead Village,https://peachtreedermatology.com/about/dr-law/,(404) 355-1919,,4.7,157,Medical spa,"371 East Paces Ferry Rd NE #900, Atlanta, GA 30305",ChIJN7qUv1kF9YgRErZ-FWXwkh4,false,false,false,false,false,false,true,false,8,A,single-location indie on Buckhead Village — automation compounds where the owner runs the front desk,Atlanta; bucket A; score 8
A09,Icebox Cryotherapy Buckhead,Atlanta,Georgia,US,East Chastain Park,https://iceboxtherapy.com/buckhead-ga/,(404) 890-7066,buckheadmanager@iceboxtherapy.com,4.7,152,Medical spa,"3872 Roswell Rd NE A2, Atlanta, GA 30342",ChIJt72fM28P9YgR5xqW5oQ8YGc,false,false,false,false,false,false,false,false,8,A,single-location indie on East Chastain Park — automation compounds where the owner runs the front desk,Atlanta; bucket A; score 8
A10,FIT9 Wellness,Atlanta,Georgia,US,South Tuxedo Park,http://www.fit9atl.com/,(678) 576-4977,info@fit9atl.com,4.9,127,Medical spa,"3231 Cains Hill Pl NW Suite 235, Atlanta, GA 30305",ChIJ4Z4-Z4kF9YgRcSKu_n1QBTI,false,false,false,false,false,false,false,false,8,A,single-location indie on South Tuxedo Park — automation compounds where the owner runs the front desk,Atlanta; bucket A; score 8
A11,skintherapy,Atlanta,Georgia,US,South Tuxedo Park,https://skintherapybuckhead.com/,(470) 637-3007,,4.9,34,Medical spa,"110 E Andrews Dr NW Suite 304, Atlanta, GA 30305",ChIJcYnCI4kF9YgRviAWK8NuH_g,false,false,false,false,false,false,true,false,6,B,single-location indie on South Tuxedo Park — automation compounds where the owner runs the front desk,Atlanta; bucket B; score 6
A12,Vida-Flo Buckhead,Atlanta,Georgia,US,Buckhead,http://govidaflo.com/buckhead,(404) 474-4722,Buckhead@govidaflo.com,4.8,586,Medical spa,"2900 Peachtree Rd NW Ste 207, Atlanta, GA 30305",ChIJ_8_0BaYF9YgRhyOCEjsNlY4,false,false,false,false,false,false,true,true,8,A,586 reviews at 4.8 on Buckhead — elite-tier indie energy in Atlanta,Atlanta; bucket A; score 8
A13,Conqr Aesthetics & Wellness,Atlanta,Georgia,US,Buckhead Village,https://www.conqraesthetics.com/?utm_source=google&utm_medium=organic&utm_campaign=gbp,(404) 446-9566,,5,47,Medical spa,"371 East Paces Ferry Rd NE #551, Atlanta, GA 30305",ChIJE-_mnpQF9YgRIh2kcjgsbOI,true,false,false,true,false,false,true,true,8,A,Black-owned indie on Buckhead Village — founder-built brand pattern,Atlanta; bucket A; score 8
A14,OBNoxious Beauty MedSpa,Atlanta,Georgia,US,Buckhead,https://obnoxiousbeauty.zoca.com/?utm_source=googlemaps&utm_medium=googlemaps&utm_campaign=googlemaps,(323) 574-8858,obnbeauty@gmail.com,5,34,Medical spa,"3060 Pharr Ct N Northwest STE 6, Atlanta, GA 30305",ChIJMybaVYwF9YgR0ePCO3DvUKg,true,false,false,true,false,false,true,false,8,A,Black-owned indie on Buckhead — founder-built brand pattern,Atlanta; bucket A; score 8
A15,Majestic Medical Touch Spa,Atlanta,Georgia,US,Buckhead Village,https://majestictouchspa.com/buckhead-couples-massage/,(470) 656-0854,,4.6,102,Medical spa,"360 Pharr Rd NE, Atlanta, GA 30305",ChIJ6VH3RpJ09YgR63cVnxCgS7Y,true,false,false,true,false,false,true,false,9,A,Black-owned indie on Buckhead Village — founder-built brand pattern,Atlanta; bucket A; score 9
A16,Spa Sydell Integrative Aesthetics,Atlanta,Georgia,US,Buckhead,https://spasydell.com/,(404) 255-7727,,4.7,355,Medical spa,"3005 Peachtree Rd NE Suite E, Atlanta, GA 30305",ChIJZ9Gr54oF9YgRnMF4tMx5ufQ,false,false,false,false,false,false,true,true,8,A,single-location indie on Buckhead — automation compounds where the owner runs the front desk,Atlanta; bucket A; score 8
A17,The K Spa,Atlanta,Georgia,US,Buckhead Village,https://www.thekspa.com/,(404) 549-3503,,4.9,38,Medical spa,"371 East Paces Ferry Rd NE #850, Atlanta, GA 30305",ChIJm5O94DQJ9YgRJ_BUWlwd3gs,false,false,false,false,false,false,false,false,6,B,single-location indie on Buckhead Village — automation compounds where the owner runs the front desk,Atlanta; bucket B; score 6
A18,Heyday Skincare Buckhead,Atlanta,Georgia,US,Buckhead Forest,https://www.heydayskincare.com/,(706) 807-4014,hello@heydayskincare.com,4.8,156,Facial spa,"3158 Peachtree Rd NE suite c, Atlanta, GA 30305",ChIJiZMVq0gF9YgRxfjuw8oxt4Q,false,false,false,false,false,false,true,true,8,A,single-location indie on Buckhead Forest — automation compounds where the owner runs the front desk,Atlanta; bucket A; score 8
A19,Abraza Skin Studio,Atlanta,Georgia,US,Buckhead,http://www.abrazaskinstudio.com/,(678) 259-9300,,4.8,120,Skin care clinic,"2970 Peachtree Rd NW #640, Atlanta, GA 30305",ChIJX5HOmOgF9YgR4iAiYTOchIg,true,false,false,true,false,false,true,true,10,A,Black-owned indie on Buckhead — founder-built brand pattern,Atlanta; bucket A; score 10
A20,OVME,Atlanta,Georgia,US,Buckhead Village,https://ovme.com/pages/buckhead-atlanta-ga,(770) 504-6000,help@ovme.com,4.7,455,Medical spa,"3167 Peachtree Rd NE Suite G, Atlanta, GA 30305",ChIJpaSPuYwF9YgRNdwMAf8gaag,false,false,false,false,false,false,true,true,8,A,single-location indie on Buckhead Village — automation compounds where the owner runs the front desk,Atlanta; bucket A; score 8
A21,Atlanta MediSpa & Surgery Center - Buckhead,Atlanta,Georgia,US,Buckhead Village,https://www.atlantamedispa.com/,(678) 213-2220,PhysiciansAesthetics@gmail.com,4.8,57,Medical spa,"3143 E Shadowlawn Ave NE, Atlanta, GA 30305",ChIJO46TZPYF9YgR8lJo6TUU9aM,true,false,false,false,false,false,true,true,9,A,women-owned indie on Buckhead Village — front desk and owner are the same person,Atlanta; bucket A; score 9
A22,Slim Studio FACE & BODY,Atlanta,Georgia,US,South Tuxedo Park,https://slimstudioatlanta.com/,(404) 410-7777,,4.8,196,Medical spa,"56 E Andrews Dr NW Suite 11, Atlanta, GA 30305",ChIJQyIJhxkP9YgRH_SxnMgaEgo,true,false,false,false,false,false,true,true,9,A,women-owned indie on South Tuxedo Park — front desk and owner are the same person,Atlanta; bucket A; score 9
A23,Blue Divine Aesthetics,Atlanta,Georgia,US,South Tuxedo Park,https://www.bluedivine.com/?utm_source=google&utm_medium=organic&utm_campaign=google_business_profile,(404) 467-4232,contact@bluedivine.com,4.6,327,Skin care clinic,"107 W Paces Ferry Rd NW, Atlanta, GA 30305",ChIJE_EaM48F9YgR1arRiFD0tiE,true,false,false,false,false,false,true,true,8,A,women-owned indie on South Tuxedo Park — front desk and owner are the same person,Atlanta; bucket A; score 8
A24,Dynamic 3 Med Spa,Atlanta,Georgia,US,Buckhead Village,https://skincareclinicatlanta.com/,(678) 990-8462,,4.8,50,Medical spa,"314 Pharr Rd NE, Atlanta, GA 30305",ChIJD4HALDIF9YgRMXNEZms1ckw,false,false,false,false,false,false,false,false,8,A,single-location indie on Buckhead Village — automation compounds where the owner runs the front desk,Atlanta; bucket A; score 8
A25,Facial Aesthetics,Atlanta,Georgia,US,Buckhead,https://www.facialaestheticsbuckhead.com/,,hello@fabofbuckhead.com,4.8,44,Medical spa,"2975 N Fulton Dr NE, Atlanta, GA 30305",ChIJwfiqahAF9YgRUTEE6BRyQJg,true,false,false,false,false,false,true,false,7,B,women-owned indie on Buckhead — front desk and owner are the same person,Atlanta; bucket B; score 7
A26,Health and Beauty Boutique,Atlanta,Georgia,US,Buckhead,http://healthandbeautyboutique.com/,(404) 228-7542,,4.9,45,Medical spa,"3655 Roswell Rd NE #216, Atlanta, GA 30342",ChIJzbg9UmQP9YgRrLok0I18NTc,false,false,false,false,false,false,true,true,6,B,single-location indie on Buckhead — automation compounds where the owner runs the front desk,Atlanta; bucket B; score 6
A27,Derm Clinic M.D.,Atlanta,Georgia,US,Buckhead,https://www.dermclinicmd.com/,(404) 937-3760,,5,302,Skin care clinic,"Tuxedo Atrium, 3833 Roswell Rd NE Suite 108, Atlanta, GA 30342",ChIJo1r7sWgP9YgRpuWEQKTQ3fw,true,false,false,false,false,false,true,true,9,A,302 reviews at 5 stars across Buckhead — operator-cares-about-every-client,Atlanta; bucket A; score 9
A28,dermani MEDSPA® Buckhead,Atlanta,Georgia,US,Buckhead,https://dermanimedspa.com/buckhead-atlanta-ga/,(770) 847-8230,buckhead@dermanimedspa.com,4.7,412,Medical spa,"2900 Peachtree Rd #111, Atlanta, GA 30305",ChIJO2nwaPUF9YgRc3EfkcahrqA,false,false,false,false,false,false,true,true,8,A,single-location indie on Buckhead — automation compounds where the owner runs the front desk,Atlanta; bucket A; score 8
A29,Bella Medspa,Atlanta,Georgia,US,South Tuxedo Park,https://bellamedspaatl.com/,(678) 908-3491,bella@bellamedspaatl.com,4.5,146,Medical spa,"3216 Paces Ferry Pl NW, Atlanta, GA 30305",ChIJn1WpWxQP9YgRjl26U3CwDqI,false,false,false,false,false,false,true,true,7,B,146 reviews and 4.5 rating — usually traces to a few no-show recovery moments,Atlanta; bucket B; score 7
A30,Regen RX Therapy Medical Clinic,Atlanta,Georgia,US,Buckhead Village,https://regenrxtherapy.com/,(678) 973-0866,info@regenrxtherapy.com,4.9,80,Medical spa,"3134 E Shadowlawn Ave NE, Atlanta, GA 30305",ChIJ___zRPMF9YgRor9ZZ6ahTRQ,false,false,false,false,false,false,true,false,8,A,single-location indie on Buckhead Village — automation compounds where the owner runs the front desk,Atlanta; bucket A; score 8
A31,SLM Medspa,Atlanta,Georgia,US,Berkeley Park,https://www.slmmedspa.com/,(678) 820-1020,info@slmmedspa.com,4.9,100,Medical spa,"1465 Howell Ml Rd Ste 200A, Atlanta, GA 30318",ChIJ6-uzHRAF9YgRJYqIHQ1MCB8,true,false,false,false,false,false,true,true,9,A,women-owned indie on Berkeley Park — front desk and owner are the same person,Atlanta; bucket A; score 9
A32,Restore Wellness and MedSpa,Atlanta,Georgia,US,Kirkwood,http://www.restorewellnessmd.com/,(404) 890-5625,info@restorewellnessmd.com,4.9,159,Medical spa,"112 Rogers St NE Suite 1A, Atlanta, GA 30317",ChIJL2SlensH9YgR06WFJpFVK38,true,false,false,true,false,false,true,false,10,A,Black-owned indie on Kirkwood — founder-built brand pattern,Atlanta; bucket A; score 10
A33,Ecobel Med Spa,Atlanta,Georgia,US,Buckhead Village,http://www.ecobelmedspa.com/,(404) 960-0812,,4.8,409,Medical spa,"3033 Maple Dr NE, Atlanta, GA 30305",ChIJsxT5sWgP9YgRA-I95wHd5GI,true,false,false,false,false,false,true,true,9,A,409 reviews at 4.8 on Buckhead Village — elite-tier indie energy in Atlanta,Atlanta; bucket A; score 9
A34,BLUE Med Center & Spa,Atlanta,Georgia,US,Midtown Atlanta,https://lumivita.com/location/midtown,(678) 590-5864,,4.9,417,Medical spa,"190 10th St NE, Atlanta, GA 30309",ChIJHZx-I0IE9YgRni9jd9SWfcg,false,false,false,false,false,false,true,false,8,A,417 reviews at 4.9 on Midtown Atlanta — elite-tier indie energy in Atlanta,Atlanta; bucket A; score 8
A35,Asiyaa Emerii Aesthetics,Atlanta,Georgia,US,,https://asiyaaemeriiskin.glossgenius.com/,(305) 781-2574,,5,52,Facial spa,"3480 Greenbriar Pkwy SW SUITE 310C, Atlanta, GA 30331",ChIJz3-7ttAD9YgRVXZKpv-gphI,true,false,false,false,false,false,true,false,9,A,women-owned indie on  — front desk and owner are the same person,Atlanta; bucket A; score 9
A36,Skin IQ,Atlanta,Georgia,US,South Tuxedo Park,http://www.skiniqmedspa.com/,(404) 277-0778,skinIQ@att.net,4.9,79,Skin care clinic,"56 E Andrews Dr NW, Atlanta, GA 30305",ChIJWb1lIYkF9YgRd-uSK3bnnv0,false,false,false,false,false,false,true,false,8,A,single-location indie on South Tuxedo Park — automation compounds where the owner runs the front desk,Atlanta; bucket A; score 8
A37,Muse Atlanta Skin Health & Aesthetics,Atlanta,Georgia,US,Inman Park,https://www.museatl.com/,(404) 254-4642,hello@museatl.com,5,177,Medical spa,"99 Krog St NE Ste C400, Atlanta, GA 30307",ChIJkxXCLtgF9YgRdQS0tI-qz_g,true,false,false,false,false,false,true,false,9,A,women-owned indie on Inman Park — front desk and owner are the same person,Atlanta; bucket A; score 9
A38,Skinship | Atlanta Skincare and Medical Aesthetics,Atlanta,Georgia,US,Buckhead Village,https://skinshipaesthetics.com/,(404) 939-7822,hello@skinshipaesthetics.com,5,64,Medical spa,"480 East Paces Ferry Rd NE Suite 9, Atlanta, GA 30305",ChIJkxRZf-0MMUMRruL9UB9K8yg,false,false,false,false,false,false,true,false,8,A,single-location indie on Buckhead Village — automation compounds where the owner runs the front desk,Atlanta; bucket A; score 8
A39,Inspire Wellness & Aesthetics,Atlanta,Georgia,US,Midtown,https://inspirewellnessaesthetics.com/?utm_source=google&utm_medium=organic&utm_campaign=gbp,(404) 282-4126,hello@inspirewellnessaesthetics.com,4.9,51,Medical spa,"270 17th St NW unit 100, Atlanta, GA 30363",ChIJaXoYCosF9YgR0T2xeO011Vk,false,false,false,false,false,false,true,false,8,A,single-location indie on Midtown — automation compounds where the owner runs the front desk,Atlanta; bucket A; score 8
A40,Natural Body Spa + Med Spa | Morningside,Atlanta,Georgia,US,Morningside-Lenox Park,https://www.naturalbody.com/spa-locations/georgia-morningside,(404) 872-1039,,4.8,1478,Medical spa,"1402 N Highland Ave NE Suite 1, Atlanta, GA 30306",ChIJLR8l8YIG9YgR0Kv81DUZVLk,true,false,false,false,false,false,true,false,7,B,1478 reviews at 4.8 on Morningside-Lenox Park — elite-tier indie energy in Atlanta,Atlanta; bucket B; score 7
A41,Alé Aesthetics,Atlanta,Georgia,US,Piedmont Heights,https://www.aleaesthetics.com/,(404) 939-3360,,5,56,Medical spa,"595 Wimbledon Rd NE Suite 4, Atlanta, GA 30324",ChIJNTwd_wsF9YgRCPN8LZWoYcE,true,false,false,false,false,false,true,true,9,A,women-owned indie on Piedmont Heights — front desk and owner are the same person,Atlanta; bucket A; score 9
A42,IVUSE,Atlanta,Georgia,US,Downtown Atlanta,http://www.ivuseiv.com/,(404) 445-6896,ADMIN@IVUSEIV.COM,4.9,149,Medical spa,"141 Mangum St SW Ste 204, Atlanta, GA 30313",ChIJJys69EED9YgR779TJ8yf3Xs,false,false,false,false,false,false,true,true,8,A,single-location indie on Downtown Atlanta — automation compounds where the owner runs the front desk,Atlanta; bucket A; score 8
A43,beauty Bar Med Spa at Southern Surgical Arts,Atlanta,Georgia,US,Inman Park,https://www.southernsurgicalarts.com/atlanta/medspa/?utm_source=GMBlisting&utm_medium=organic&utm_campaign=inman-park,(706) 310-8768,,5,61,Medical spa,"245 N Highland Ave NE 1st floor Suite 120, Atlanta, GA 30307",ChIJNU3YQowF9YgRWJQf-F48F44,false,false,false,false,false,false,true,true,8,A,single-location indie on Inman Park — automation compounds where the owner runs the front desk,Atlanta; bucket A; score 8
A44,Glo'Up Body Spa,Atlanta,Georgia,US,Blandtown,https://gloupbodyspa.zoca.com/?utm_source=googlemaps&utm_medium=googlemapsprofile&utm_campaign=googlemaps,(678) 826-9737,lashanac@gmail.com,5,45,Medical spa,"1320 Ellsworth Industrial Blvd NW, Atlanta, GA 30318",ChIJc0Evkt0F9YgRCmrt6XZZnXI,true,false,false,true,false,false,true,false,8,A,Black-owned indie on Blandtown — founder-built brand pattern,Atlanta; bucket A; score 8
A45,Truffles Aesthetics,Atlanta,Georgia,US,Colonial Homes,http://www.trufflesaesthetics.com/,(770) 460-2000,,4.9,129,Medical spa,"2233 Peachtree Rd suite k, Atlanta, GA 30309",ChIJq6raCaYF9YgRzYsAqNsjtt8,true,false,false,false,false,false,true,true,9,A,women-owned indie on Colonial Homes — front desk and owner are the same person,Atlanta; bucket A; score 9
A46,Luminaire Skin and Wellness,Atlanta,Georgia,US,Rockdale,https://www.luminaireskin.com/,(404) 913-0064,info@luminaireskin.com,5,34,Medical spa,"1500 Marietta Rd NW Suite 5, Atlanta, GA 30318",ChIJwYhbL6IF9YgR1eU8qb7I-bM,false,false,false,false,false,false,true,false,6,B,single-location indie on Rockdale — automation compounds where the owner runs the front desk,Atlanta; bucket B; score 6
A47,Regenerative MedSpa of Buckhead,Atlanta,Georgia,US,Colonial Homes,https://www.regenmedspabuckhead.com/,(404) 816-8557,,4.9,76,Medical spa,"2061 Peachtree Rd NE Suite 250, Atlanta, GA 30309",ChIJ60GYmuIF9YgRBcg0S2_roes,true,false,false,false,false,false,true,true,9,A,women-owned indie on Colonial Homes — front desk and owner are the same person,Atlanta; bucket A; score 9
A48,SkinCeuticals SkinLab Atlanta,Atlanta,Georgia,US,Midtown Atlanta,https://www.skinatl.com/,(678) 203-5024,,5,265,Medical spa,"903 Peachtree St NE Suite 140, Atlanta, GA 30309",ChIJ7Si81tAF9YgRMeOaXqJRzfA,false,false,false,false,false,false,true,true,8,A,265 reviews at 5 stars across Midtown Atlanta — operator-cares-about-every-client,Atlanta; bucket A; score 8
A49,A Bless Beauty Medspa and Clinic,Atlanta,Georgia,US,Buckhead,https://ablessbeauty.com/?utm_source=google&utm_medium=organic&utm_campaign=google_my_business,(404) 513-5625,info@ablessbeauty.com,5,57,Medical spa,"2955 Pharr Ct S Northwest, Atlanta, GA 30305",ChIJ0foLY9kF9YgRxqWcDuqUqCo,false,false,false,false,false,false,true,false,8,A,single-location indie on Buckhead — automation compounds where the owner runs the front desk,Atlanta; bucket A; score 8
A50,iNatural Aesthetics,Atlanta,Georgia,US,Berkeley Park,http://inaturalaesthetics.com/,,info@inaturalaesthetics.com,4.8,77,Medical spa,"1531 Howell Mill Rd NW, Atlanta, GA 30318",ChIJQUKG78UE9YgRihpX6kpQDxI,false,false,false,false,false,false,true,false,8,A,single-location indie on Berkeley Park — automation compounds where the owner runs the front desk,Atlanta; bucket A; score 8
A51,The House of Wellness Med Spa,Atlanta,Georgia,US,Downtown Atlanta,https://thowmedspa.org/,(404) 963-7531,hiringathemedspa@yahoo.com,4.9,58,Medical spa,"18 Marietta St NW, Atlanta, GA 30303",ChIJF-6OQWQD9YgRIn_9-FY4GtA,false,false,false,false,false,false,true,true,8,A,single-location indie on Downtown Atlanta — automation compounds where the owner runs the front desk,Atlanta; bucket A; score 8
A52,4Ever Young Med Spa & Wellness Center - Atlanta Midtown,Atlanta,Georgia,US,Midtown Atlanta,https://4everyoungantiaging.com/atlanta-midtown/?utm_source=google&utm_medium=organic&utm_campaign=gbp-atlanta-midtown,(470) 943-4448,info@altamontesprings.4everyoung.com,5,1125,Medical spa,"1080 W Peachtree St NW unit 5, Atlanta, GA 30309",ChIJbXmEZoMF9YgRWkatsCKRd5Y,false,false,false,false,false,false,true,true,6,B,1125 reviews at 5 on Midtown Atlanta — elite-tier indie energy in Atlanta,Atlanta; bucket B; score 6
P03,Laser Aesthetics,Scottsdale,Arizona,US,North Scottsdale,http://laseraestheticsaz.com/,(602) 739-6000,,5,86,Medical spa,"9300 E Raintree Dr Suite 130, Room 8, Scottsdale, AZ 85260",ChIJyxW-gs11K4cRVSb-bHuYWzk,true,false,false,false,false,false,true,true,9,A,women-owned indie on North Scottsdale — front desk and owner are the same person,Phoenix-Scottsdale; bucket A; score 9
P04,KB SkinCure,Scottsdale,Arizona,US,Sundown Plaza,https://kaitlinbarttelt.com/,(734) 272-7308,hello@kaitlinbarttelt.com,5,34,Medical spa,"10802 N Scottsdale Rd Suite 17, Scottsdale, AZ 85254",ChIJAXsH6jELK4cR94wMlbzwnA4,true,false,false,false,false,false,true,false,7,B,women-owned indie on Sundown Plaza — front desk and owner are the same person,Phoenix-Scottsdale; bucket B; score 7
P05,"BelleSante by Kristine Romine, MD",Scottsdale,Arizona,US,Sundown Vista,https://www.bellesantecare.com/?dlmtrk_referrer=www.bellesantecare.com&dlmtrk_landing=https://www.bellesantecare.com/&dlmtrk_source=direct,(480) 878-0087,info@krmdskin.com,5,243,Medical spa,"8510 E Shea Blvd, Scottsdale, AZ 85260",ChIJhZQ9nfAMK4cRJTGQJ5xDraY,true,false,false,false,false,false,true,true,9,A,243 reviews at 5 stars across Sundown Vista — operator-cares-about-every-client,Phoenix-Scottsdale; bucket A; score 9
P06,VeliCutis,Scottsdale,Arizona,US,Sundown Plaza,https://velicutis.com/medical-spa-scottsdale/,(602) 737-1339,stacie@velicutis.com,5,111,Medical spa,"7131 E Mercer Ln Suite 9, Scottsdale, AZ 85254",ChIJ1ZnywUYNK4cRMEmZm8sPKw4,true,false,false,false,false,false,true,true,9,A,women-owned indie on Sundown Plaza — front desk and owner are the same person,Phoenix-Scottsdale; bucket A; score 9
P07,Face Lounge Aesthetics,Scottsdale,Arizona,US,Edwards Business Park,http://www.faceloungeaz.com/?utm_source=google&utm_medium=wix_google_business_profile&utm_campaign=13921560461022364188,(480) 597-4603,yancey@faceloungeaz.com,5,67,Medical spa,"8952 E Desert Cove Ave e202, Scottsdale, AZ 85260",ChIJI6WCa6ALK4cRUwceZ5VoQoM,true,false,false,false,false,false,true,true,9,A,women-owned indie on Edwards Business Park — front desk and owner are the same person,Phoenix-Scottsdale; bucket A; score 9
P08,Prana IV Therapy,Scottsdale,Arizona,US,Sundown Plaza,https://pranaivtherapy.com/,(480) 202-4993,contact@pranaivtherapy.com,5,511,Medical spa,"10824 N 71st Pl Suite C, Scottsdale, AZ 85254",ChIJAZivirl1K4cRw5-P6BvM3Ls,true,false,false,false,false,false,true,false,9,A,511 reviews at 5 on Sundown Plaza — elite-tier indie energy in Scottsdale,Phoenix-Scottsdale; bucket A; score 9
P09,Med-Surg Aesthetics and Laser Academy,Scottsdale,Arizona,US,North Scottsdale,https://www.medsurgacademy.com/,(480) 785-0085,,5,35,Medical spa,"8575 E Princess Dr Suite A221, Scottsdale, AZ 85255",ChIJJ0Drtk8LK4cRiJKho1uLiIc,true,false,false,false,false,false,false,false,7,B,women-owned indie on North Scottsdale — front desk and owner are the same person,Phoenix-Scottsdale; bucket B; score 7
P10,Profile Aesthetics,Scottsdale,Arizona,US,Ironwood Office Suites,https://profileaesthetics.com/?UTM_source=GBP_listing&UTM_medium=organic&source=gmb,(480) 933-9319,hello@profileaesthetics.com,5,139,Medical spa,"10165 N 92nd St #101, Scottsdale, AZ 85258",ChIJW5Q_5ewLK4cRue58QddU1hE,true,false,false,false,false,false,true,true,9,A,women-owned indie on Ironwood Office Suites — front desk and owner are the same person,Phoenix-Scottsdale; bucket A; score 9
P11,ReNu Wellness Clinic,Scottsdale,Arizona,US,Hayden Office Park,https://renuwellnessclinic.com/,(480) 904-6363,,5,124,Medical spa,"8040 E Morgan Trail #5a, Scottsdale, AZ 85258",ChIJj35Jxd50K4cRkZ6bqj8Zspk,true,false,false,false,false,false,true,false,9,A,women-owned indie on Hayden Office Park — front desk and owner are the same person,Phoenix-Scottsdale; bucket A; score 9
P12,"Institute of Aesthetics, Beauty & Wellness",Scottsdale,Arizona,US,North Scottsdale,http://instituteofaesthetics.com/,(480) 822-0766,info@instituteofaesthetics.com,5,208,Medical spa,"14220 N Northsight Blvd Ste 150, Scottsdale, AZ 85260",ChIJpcGkDGp1K4cRJ1Gj9m5amAs,false,false,false,false,false,false,true,false,8,A,208 reviews at 5 stars across North Scottsdale — operator-cares-about-every-client,Phoenix-Scottsdale; bucket A; score 8
P13,DOCosmetics,Scottsdale,Arizona,US,Central Scottsdale,https://docosmeticsaz.com/,(602) 715-1591,naturalbeauty@azdocosmetics.com,4.9,47,Facial spa,"10250 N 92nd St Suite 202A, Scottsdale, AZ 85258",ChIJuVCReUB1K4cRaVk9cMBzY_4,true,false,false,false,false,false,true,false,7,B,women-owned indie on Central Scottsdale — front desk and owner are the same person,Phoenix-Scottsdale; bucket B; score 7
P14,Amplified Beauty,Scottsdale,Arizona,US,Edwards Business Park,http://amplified-beauty.com/,(602) 854-6496,,4.8,327,Medical spa,"10752 N 89th Pl Unit C-231, Scottsdale, AZ 85260",ChIJ0bTtHFELK4cR7N6jc8uy7Vo,true,false,false,false,false,false,true,true,9,A,women-owned indie on Edwards Business Park — front desk and owner are the same person,Phoenix-Scottsdale; bucket A; score 9
P15,KORA Aesthetics,Scottsdale,AZ,US,Central Scottsdale,https://koraaesthetics.com/,(480) 630-7566,info@koraaesthetics.com,5,72,Medical spa,"Inside “Otto, 10505 N 69th St #1300, Scottsdale, AZ 85253",ChIJee6LqHNy9asRsBXDBO3P5Xg,true,false,false,false,false,false,true,false,9,A,women-owned indie on Central Scottsdale — front desk and owner are the same person,Phoenix-Scottsdale; bucket A; score 9
P16,Gerrish MedEsthetics,Scottsdale,Arizona,US,Central Scottsdale,https://gerrishmedspa.com/,(480) 651-8110,patientcareAZ@gerrishmedesthetics.com,4.9,148,Medical spa,"11648 E Shea Blvd Suite 101, Scottsdale, AZ 85259",ChIJc_lbTPF1K4cRDw_apM3R0cA,false,false,false,false,false,false,true,false,8,A,single-location indie on Central Scottsdale — automation compounds where the owner runs the front desk,Phoenix-Scottsdale; bucket A; score 8
P17,Source Of Health,Scottsdale,Arizona,US,Edwards Business Park,https://mysourceofhealth.com/?utm_source=google&utm_medium=organic&utm_campaign=gbp,(480) 361-4005,behealthy@mysourceofhealth.com,4.9,82,Medical spa,"10752 N 89th Pl #118, Scottsdale, AZ 85260",ChIJOeDxWDd1K4cR4xUYhSLHH9A,false,false,true,false,false,false,true,true,8,A,single-location indie on Edwards Business Park — automation compounds where the owner runs the front desk,Phoenix-Scottsdale; bucket A; score 8
P18,VIDA Skin & Wellness,Scottsdale,Arizona,US,North Scottsdale,https://viidamed.com/,(602) 600-7911,Courtney@viidamed.com,5,51,Medical spa,"15455 N Greenway Hayden Loop C-17, Scottsdale, AZ 85260",ChIJVdBx0QB1K4cRJ9-C6_yrz1s,true,false,false,false,false,false,true,false,9,A,women-owned indie on North Scottsdale — front desk and owner are the same person,Phoenix-Scottsdale; bucket A; score 9
X01,Wilson MD Aesthetics + Wellness,,,,,,(480) 264-9438,,5,122,Medical spa,"10250 North 92nd Street Suite 206, Scottsdale, AZ 85258",ChIJV0LGyJh1K4cRed59Fv4tF_Q,false,false,false,false,false,false,false,false,6,B,single-location indie on  — automation compounds where the owner runs the front desk,Phoenix-Scottsdale; bucket B; score 6
P19,The Medi Spa at Guyette Facial & Oral Surgery Center,Scottsdale,Arizona,US,Central Scottsdale,https://www.guyettesurgery.com/medi-spa-treatments/,(480) 657-7065,,4.9,32,Medical spa,"9741 N 90th Pl, Scottsdale, AZ 85258",ChIJcXB7ySJ1K4cRTTHMz0kumS4,false,false,false,false,false,false,true,false,6,B,single-location indie on Central Scottsdale — automation compounds where the owner runs the front desk,Phoenix-Scottsdale; bucket B; score 6
P20,Derma Health Skin & Laser,Scottsdale,Arizona,US,Scottsdale Fiesta,https://www.dhiskin.com/,(480) 470-5747,info@dermahealthinstitute.com,4.9,126,Medical spa,"10390 N 90th St A, Scottsdale, AZ 85258",ChIJy7LwNYF1K4cRQZe_Nx6HlP8,true,false,false,false,false,false,true,true,9,A,women-owned indie on Scottsdale Fiesta — front desk and owner are the same person,Phoenix-Scottsdale; bucket A; score 9
P21,Scottsdale Sculpt,Scottsdale,Arizona,US,South Scottsdale,http://scottsdalesculpt.com/,(623) 414-9025,contactscottsdalesculpt@gmail.com,4.9,168,Medical spa,"8787 N Scottsdale Rd Suite a 105, Scottsdale, AZ 85253",ChIJRWnhv0V1K4cRoK4sttNeya0,true,false,false,false,false,false,true,false,9,A,women-owned indie on South Scottsdale — front desk and owner are the same person,Phoenix-Scottsdale; bucket A; score 9
P22,Skin Deep Beauty AZ,Scottsdale,Arizona,US,North Scottsdale Airpark,http://www.skindeepbeautyaz.com/,(602) 672-1627,skindeepbeautyyaz@gmail.com,5,68,Medical spa,"7730 E Greenway Rd Suite 101 Room 4, Scottsdale, AZ 85260",ChIJjdDN_rN1K4cRTolu-RksGC8,true,false,false,false,false,false,true,false,9,A,women-owned indie on North Scottsdale Airpark — front desk and owner are the same person,Phoenix-Scottsdale; bucket A; score 9
P23,Ultra Smooth Skin,Scottsdale,Arizona,US,South Scottsdale,https://www.ultrasmoothskin.com/?utm_source=GMBlisting&utm_medium=organic&utm_campaign=gmb,(480) 991-3038,info@ultrasmoothskin.com,4.9,125,Medical spa,"7477 E Doubletree Ranch Rd, Scottsdale, AZ 85258",ChIJQR2ms7Z1K4cR9uP-6RcuhVw,true,false,false,false,false,false,true,false,9,A,women-owned indie on South Scottsdale — front desk and owner are the same person,Phoenix-Scottsdale; bucket A; score 9
P24,Soko Skin Med Spa,Scottsdale,Arizona,US,Desert Fairways,https://www.soko-skin.com/,(480) 550-8455,,5,55,Medical spa,"8753 E Bell Rd STE 105, Scottsdale, AZ 85260",ChIJ4ziS0-J1K4cRw8wP-SU-ORA,true,false,false,false,false,false,true,true,9,A,women-owned indie on Desert Fairways — front desk and owner are the same person,Phoenix-Scottsdale; bucket A; score 9
P25,Elixir Medical Spa,Scottsdale,Arizona,US,Central Scottsdale,https://elixirmedspa.com/,(602) 613-1111,,5,58,Medical spa,"The Beauty District, 8734 E Shea Blvd Suite #136, Scottsdale, AZ 85260",ChIJLfqdBmh1K4cRf_RQkh_cYM4,true,false,false,false,false,false,true,true,9,A,women-owned indie on Central Scottsdale — front desk and owner are the same person,Phoenix-Scottsdale; bucket A; score 9
P26,BODYMD,Scottsdale,Arizona,US,North Scottsdale,https://www.yourbodymd.com/,(480) 601-8849,info@yourbodymd.com,5,279,Medical spa,"14301 N 87th St UNIT 211, Scottsdale, AZ 85260",ChIJb0WKFG91K4cRD3w8QT5cdAQ,false,false,false,false,false,false,true,false,8,A,279 reviews at 5 stars across North Scottsdale — operator-cares-about-every-client,Phoenix-Scottsdale; bucket A; score 8
P27,DermaPrecision,Scottsdale,Arizona,US,North Scottsdale,https://dermaprecision.com/,(480) 470-1966,,5,142,Medical spa,"7550 E Greenway Rd #105, Scottsdale, AZ 85260",ChIJOXBKst51K4cRH0MYOCvIxcs,false,false,false,false,false,false,true,true,8,A,single-location indie on North Scottsdale — automation compounds where the owner runs the front desk,Phoenix-Scottsdale; bucket A; score 8
P28,Ageless Beauty and Wellness,Scottsdale,Arizona,US,North Scottsdale,http://agelessbeautyaz.com/,(480) 785-0085,,4.9,34,Medical spa,"8575 E Princess Dr Suite A221, Scottsdale, AZ 85255",ChIJz1O_oipxK4cR-X3d2U0SO84,true,false,false,false,false,false,true,true,7,B,women-owned indie on North Scottsdale — front desk and owner are the same person,Phoenix-Scottsdale; bucket B; score 7
P29,J`adore Med Spa,Scottsdale,Arizona,US,Sundown Plaza,http://jadoremedspa.aestheticgenerator.com/home--fashion-beauty-bar,(602) 394-7750,,5,45,Medical spa,"10830 N 71st Pl SUIT: 105, Scottsdale, AZ 85254",ChIJmd4UxpZ1K4cRBvGuIhv4Lkg,false,false,false,false,false,false,true,false,6,B,single-location indie on Sundown Plaza — automation compounds where the owner runs the front desk,Phoenix-Scottsdale; bucket B; score 6
P30,The Flawless Lab - Medspa,Scottsdale,Arizona,US,North Scottsdale,https://theflawlesslab.com/,(480) 550-6242,reception@theflawlesslab.com,5,969,Medical spa,"13840 N Northsight Blvd #117, Scottsdale, AZ 85260",ChIJj4M5Wtl1K4cRszC5SHIMXmI,true,true,false,false,false,false,true,true,8,A,969 reviews at 5 on North Scottsdale — elite-tier indie energy in Scottsdale,Phoenix-Scottsdale; bucket A; score 8
P31,Blume Skin & Body,Scottsdale,Arizona,US,North Scottsdale,https://blumeskintreatment.com/?utm_source=google&utm_medium=organic&utm_campaign=gbp,(480) 808-4461,,4.9,159,Medical spa,"8575 E Princess Dr #123, Scottsdale, AZ 85255",ChIJ5eZqUtZ1K4cRQKD2rnyiX1c,true,false,false,false,false,false,true,true,9,A,women-owned indie on North Scottsdale — front desk and owner are the same person,Phoenix-Scottsdale; bucket A; score 9
P32,Skindale Medspa,Scottsdale,Arizona,US,Central Scottsdale,http://www.skindalemedspa.com/,(623) 401-7546,mary@skindalemedspa.com,5,101,Medical spa,"11000 N Scottsdale Rd Suite 160, Scottsdale, AZ 85254",ChIJV20phrALK4cRm8X7XnWOPDo,true,false,false,false,true,false,true,true,10,A,"Asian-owned indie with 101 reviews — multicultural patient base, strong retention",Phoenix-Scottsdale; bucket A; score 10
P33,Inside Out Aesthetics,Scottsdale,Arizona,US,Agua Caliente,https://insideoutaesthetics.com/?y_source=1_MTAwMzE4MTc2NS03MTUtbG9jYXRpb24ud2Vic2l0ZQ%3D%3D,(480) 307-9901,support@insideoutaesthetics.com,5,999,Medical spa,"6865 E Becker Ln Suite 100, Scottsdale, AZ 85254",ChIJL6hYI-10K4cRRHL6cIwrUpw,false,false,false,false,false,false,true,true,6,B,999 reviews at 5 on Agua Caliente — elite-tier indie energy in Scottsdale,Phoenix-Scottsdale; bucket B; score 6
P34,Renew Wellness Medspa A Touch Of Thailand,Scottsdale,Arizona,US,Central Scottsdale,https://www.renewwellnessmedspa.com/book-online,(480) 688-9288,info@mysite.com,4.9,139,Facial spa,"8989 E Vía Linda 211 2nd floor, Scottsdale, AZ 85258",ChIJC3HmKoh1K4cRJ0CFvQ7-NKA,true,false,false,false,false,false,true,false,9,A,women-owned indie on Central Scottsdale — front desk and owner are the same person,Phoenix-Scottsdale; bucket A; score 9
P35,Lé Nour Aesthetics & Wellness,Scottsdale,Arizona,US,Aquila McDowell Mountain,https://lenourmedspa.com/,(602) 888-6603,info@lenourmedspa.com,5,244,Medical spa,"9825 E Bell Rd Suite 120, Scottsdale, AZ 85260",ChIJ72yayW0HK4cRCYDVPeFbeHI,true,false,false,false,false,false,true,true,9,A,244 reviews at 5 stars across Aquila McDowell Mountain — operator-cares-about-every-client,Phoenix-Scottsdale; bucket A; score 9
P36,Glo Medspa,Scottsdale,Arizona,US,Central Scottsdale,http://www.glomedspas.com/,(480) 245-6881,glomedspa1@gmail.com,4.8,83,Medical spa,"10505 N 69th St #1000, Scottsdale, AZ 85253",ChIJIctMAet0K4cRD_xPeVGs5sY,false,false,false,false,false,false,true,false,8,A,single-location indie on Central Scottsdale — automation compounds where the owner runs the front desk,Phoenix-Scottsdale; bucket A; score 8
P37,Moderne Medical Aesthetics,Scottsdale,Arizona,US,Desert Cove Professional Center,http://www.modernemedical.com/,(480) 477-7726,support@modernemedical.com,5,381,Medical spa,"9180 E Desert Cove Ave Ste 103, Scottsdale, AZ 85260",ChIJ1crMr5t1K4cRLBvisIXatXc,true,false,false,false,false,false,true,true,9,A,381 reviews at 5 stars across Desert Cove Professional Center — operator-cares-about-every-client,Phoenix-Scottsdale; bucket A; score 9
P38,Collab Medspa - Scottsdale,Scottsdale,Arizona,US,Central Scottsdale,https://collabmedspa.com/,(480) 400-0061,,5,292,Medical spa,"10893 N Scottsdale Rd #102, Scottsdale, AZ 85254",ChIJHxF5Wux0K4cR-Egq2NZtYvo,true,false,true,false,false,false,true,true,9,A,292 reviews at 5 stars across Central Scottsdale — operator-cares-about-every-client,Phoenix-Scottsdale; bucket A; score 9
P39,Esthetic Solutions Med Spa,Scottsdale,Arizona,US,Paradise Valley Plaza,https://estheticsolutions.com/,(480) 280-6062,operations@estheticsolutions.com,4.8,99,Medical spa,"10201 N Scottsdale Rd #9, Scottsdale, AZ 85253",ChIJUcI8UqILK4cRxvZNBdV6bmQ,true,false,false,false,false,false,true,true,9,A,women-owned indie on Paradise Valley Plaza — front desk and owner are the same person,Phoenix-Scottsdale; bucket A; score 9
P40,ZONA MED SPA,Scottsdale,Arizona,US,Mountain View Office Suites,http://www.zonamedspa.com/,(480) 299-4975,,4.9,527,Medical spa,"9767 N 91st St Suite B102, Scottsdale, AZ 85258",ChIJjxdkLbF1K4cRNnlutvnLeNo,true,false,false,false,false,false,true,true,9,A,527 reviews at 4.9 on Mountain View Office Suites — elite-tier indie energy in Scottsdale,Phoenix-Scottsdale; bucket A; score 9
P41,Skin Savvy Aesthetics Med Spa,Scottsdale,Arizona,US,The Offices At Sundown Ranch,https://skinsavvyscottsdale.com/,(480) 485-0682,info@skinsavvyscottsdale.com,5,456,Medical spa,"8418 E Shea Blvd Ste 101, Scottsdale, AZ 85260",ChIJ01Su-CF1K4cRBgGtu9YFKNA,false,false,false,false,false,false,true,true,8,A,456 reviews at 5 on The Offices At Sundown Ranch — elite-tier indie energy in Scottsdale,Phoenix-Scottsdale; bucket A; score 8
P42,Lumier Medical Spa,Scottsdale,Arizona,US,North Scottsdale,http://www.lumiermedicalspa.com/,(480) 244-5544,,4.9,70,Medical spa,"14350 N Frank Lloyd Wright Blvd Ste 2, Scottsdale, AZ 85260",ChIJ1crMr5t1K4cRD-p7RfWQeY8,false,false,false,false,false,false,true,false,8,A,single-location indie on North Scottsdale — automation compounds where the owner runs the front desk,Phoenix-Scottsdale; bucket A; score 8
P43,Uptown Medispa Scottsdale,Scottsdale,Arizona,US,Thunderbird Industrial Airpark,http://www.uptownmedispa.com/Scottsdale,(480) 483-4755,scottsdale@uptownmedispa.com,5,62,Medical spa,"7950 E Redfield Rd #220, Scottsdale, AZ 85260",ChIJy-XXxnx1K4cRQsvreDdojgE,false,false,false,false,false,false,true,true,8,A,single-location indie on Thunderbird Industrial Airpark — automation compounds where the owner runs the front desk,Phoenix-Scottsdale; bucket A; score 8
P44,MDSkin Lounge,Scottsdale,Arizona,US,North Scottsdale,http://www.mdskinlounge.com/,(480) 636-1886,info@mdskinlounge.com,4.9,395,Medical spa,"18251 N Pima Rd STE 125, Scottsdale, AZ 85255",ChIJJWT-J3R2K4cRIgpX3TB0iQc,false,false,false,false,false,false,true,true,8,A,single-location indie on North Scottsdale — automation compounds where the owner runs the front desk,Phoenix-Scottsdale; bucket A; score 8
P45,Joliet Aesthetics Med Spa Scottsdale,Scottsdale,Arizona,US,Plaza Leyenda,https://www.jolietaestheticsmedspa.com/?utm_source=GBP,(480) 896-3754,info@jolietaesthetics.com,5,83,Medical spa,"10679 N Frank Lloyd Wright Blvd Building F Suite 103, Scottsdale, AZ 85259",ChIJL3wlCiyfK4cRcv4Lg0yaWrU,false,false,false,false,false,false,true,false,8,A,single-location indie on Plaza Leyenda — automation compounds where the owner runs the front desk,Phoenix-Scottsdale; bucket A; score 8
P46,Melt Aesthetics and Liposuction,Scottsdale,Arizona,US,Central Scottsdale,https://www.meltlipoaz.com/,(480) 613-2010,info@meltlipoaz.com,4.9,58,Skin care clinic,"10210 N 92nd St # 103, Scottsdale, AZ 85258",ChIJyVfqq751K4cRjWvHjNovU50,false,false,false,false,false,false,true,false,8,A,single-location indie on Central Scottsdale — automation compounds where the owner runs the front desk,Phoenix-Scottsdale; bucket A; score 8
P47,DHH Med Spa,Scottsdale,Arizona,US,McCormick Ranch Industrial Center,https://dhhmedspa.com/,(480) 336-4195,,4.9,238,Medical spa,"9188 E San Salvador Dr #102, Scottsdale, AZ 85258",ChIJC_aI4DV1K4cR4eOEGguL0Qo,true,false,false,false,false,false,true,true,9,A,women-owned indie on McCormick Ranch Industrial Center — front desk and owner are the same person,Phoenix-Scottsdale; bucket A; score 9
P48,"Scottsdale Esthetician, Oksana",Scottsdale,Arizona,US,Central Scottsdale,http://www.scottsdaleesthetician.com/,(480) 744-7618,,5,56,Skin care clinic,"11000 N Scottsdale Rd Suite 160, Scottsdale, AZ 85254",ChIJPTvSm_B1K4cRWHJbOR-ouNY,false,false,false,false,false,false,true,false,8,A,single-location indie on Central Scottsdale — automation compounds where the owner runs the front desk,Phoenix-Scottsdale; bucket A; score 8
P49,Hydrafacial and Chemical Peels by Kapri Skin,Scottsdale,Arizona,US,Paradise Valley Plaza,https://kapriskinbar.com/,(480) 229-2324,kapriskin2020@gmail.com,5,182,Facial spa,"10267 N Scottsdale Rd, Scottsdale, AZ 85253",ChIJ6a1FoFl1K4cR40dtumXFEbs,false,false,false,false,false,false,true,true,8,A,single-location indie on Paradise Valley Plaza — automation compounds where the owner runs the front desk,Phoenix-Scottsdale; bucket A; score 8
P50,Desert Bloom Skin Care,Scottsdale,Arizona,US,Edwards Business Park,https://www.desertbloomskincare.com/,(480) 567-8180,info@desertbloomskincare.com,4.9,209,Skin care clinic,"10752 N 89th Pl #122b, Scottsdale, AZ 85260",ChIJt4Hnjj11K4cRP_lrpKgB78M,true,false,false,false,false,false,true,false,9,A,women-owned indie on Edwards Business Park — front desk and owner are the same person,Phoenix-Scottsdale; bucket A; score 9
P51,Real Results Medical & Aesthetics,Scottsdale,Arizona,US,Central Scottsdale,http://www.realresultsmedical.com/?utm_source=google&utm_medium=organic&utm_campaign=gbp,(480) 245-5636,,5,61,Skin care clinic,"10900 N Scottsdale Rd Suite 608, Scottsdale, AZ 85254",ChIJTcewqnl1K4cRtenHKf3b6Ag,true,false,false,false,false,false,true,false,9,A,women-owned indie on Central Scottsdale — front desk and owner are the same person,Phoenix-Scottsdale; bucket A; score 9
P52,Love Aesthetics & Wellness,Scottsdale,Arizona,US,North Scottsdale,https://www.loveaestheticswellness.com/,(480) 999-8383,info@loveaestheticswellness.com,5,223,Skin care clinic,"9300 E Raintree Dr, Scottsdale, AZ 85260",ChIJKdp6UTR1K4cR2Z0nhP4jPVM,true,false,false,false,false,false,true,true,9,A,223 reviews at 5 stars across North Scottsdale — operator-cares-about-every-client,Phoenix-Scottsdale; bucket A; score 9
P53,PHX Aesthetics -,Scottsdale,Arizona,US,North Scottsdale,http://www.phxaesthetics.com/,(602) 460-9992,info@PHXaesthetics.com,4.9,59,Skin care clinic,"18750 Hayden Rd 160 Loft 6, Scottsdale, AZ 85255",ChIJG07n2ll1K4cROVEZ_bS8ER0,false,false,false,false,false,false,true,false,8,A,single-location indie on North Scottsdale — automation compounds where the owner runs the front desk,Phoenix-Scottsdale; bucket A; score 8
P54,Habit Aesthetics and Wellness,Scottsdale,Arizona,US,North Scottsdale,https://habitaesthetics.com/,(928) 514-9221,taylor@habitaesthetics.com,5,71,Medical spa,"15425 N Greenway Hayden Loop Building A100 Suite 21, Scottsdale, AZ 85260",ChIJUTrgjdd1K4cRzrot4t4immQ,true,false,false,false,false,false,true,true,9,A,women-owned indie on North Scottsdale — front desk and owner are the same person,Phoenix-Scottsdale; bucket A; score 9
P55,Skin With Bea Esthetics,Scottsdale,Arizona,US,Central Scottsdale,https://www.skinwithbea.com/?utm_source=GBP,(480) 269-5875,hello@skinwithbea.com,5,276,Skin care clinic,"7054 E Cochise Rd Suite B100, Scottsdale, AZ 85253",ChIJCf8LSS91K4cRWKq0rcO4G4U,true,false,false,false,true,false,true,true,10,A,276 reviews at 5 stars across Central Scottsdale — operator-cares-about-every-client,Phoenix-Scottsdale; bucket A; score 10
P56,Aesthetic Revival,Scottsdale,Arizona,US,Central Scottsdale,https://www.aestheticrevival.com/,(602) 975-8418,hello@aestheticrevival.com,5,223,Medical spa,"9393 N 90th St Suite #120, Scottsdale, AZ 85258",ChIJf6MMLa91K4cRYSPToEUXN5o,true,false,false,false,false,false,true,true,9,A,223 reviews at 5 stars across Central Scottsdale — operator-cares-about-every-client,Phoenix-Scottsdale; bucket A; score 9
P57,Aesthetic IQ Clinic,Scottsdale,Arizona,US,Central Scottsdale,http://www.aestheticiqclinic.com/,(480) 454-5577,,4.9,52,Skin care clinic,"7054 E Cochise Rd suite b-200, Scottsdale, AZ 85253",ChIJXQ22LDZ1K4cR7R6-iVr2SYM,true,false,false,false,false,false,true,false,9,A,women-owned indie on Central Scottsdale — front desk and owner are the same person,Phoenix-Scottsdale; bucket A; score 9
P58,Taut Haute Skin Clinic,Scottsdale,Arizona,US,Hayden Crossing Office,https://tauthaute.com/,(480) 679-9792,,5,213,Medical spa,"8060 E Gelding Dr Suite 101, Scottsdale, AZ 85260",ChIJT8guGYl1K4cRCxOE7ZhVfsA,true,false,false,false,false,false,true,true,9,A,213 reviews at 5 stars across Hayden Crossing Office — operator-cares-about-every-client,Phoenix-Scottsdale; bucket A; score 9
P59,The Skin Shop Medspa Scottsdale,Scottsdale,Arizona,US,Sundown Plaza,https://theskinshopmedspascottsdale.com/,(480) 948-1759,,5,77,Medical spa,"10632 N Scottsdale Rd suite A, Scottsdale, AZ 85254",ChIJQYJc0Ad1K4cRhXIiwkUfSKE,true,false,false,false,false,false,true,false,9,A,women-owned indie on Sundown Plaza — front desk and owner are the same person,Phoenix-Scottsdale; bucket A; score 9
D01,the L.A.B. med spa Dallas,Dallas,Texas,US,Oak Cliff,https://www.thelabmedspa.com/,(817) 251-1000,admin@thelabmedspa.com,5,57,Medical spa,"111 W Davis St, Dallas, TX",ChIJ0bxiXQ2ZToYRy4ujD-js68I,false,false,false,false,false,false,false,false,8,A,single-location indie on Oak Cliff — automation compounds where the owner runs the front desk,Dallas+Boston; bucket A; score 8
D02,Aurum Health,Dallas,Texas,US,Knox / Henderson,http://www.aurumhealth.com/,(214) 865-7800,info@aurum.health,4.9,244,Medical spa,"4300 N Central Expy #110, Dallas, TX",ChIJD8LET6GZToYRSleYd2kkdPw,true,false,false,false,false,false,false,false,9,A,women-owned indie on Knox / Henderson — front desk and owner are the same person,Dallas+Boston; bucket A; score 9
D03,Unicorn MedSpa,Dallas,Texas,US,Oak Lawn,http://www.unicornmedspa.com/,(214) 919-3055,info@unicornmedspa.com,4.9,302,Medical spa,"2811 McKinney Ave, Dallas, TX",ChIJa7NV2NGZToYR1iFNR_gVwS0,false,false,false,false,false,false,false,false,8,A,single-location indie on Oak Lawn — automation compounds where the owner runs the front desk,Dallas+Boston; bucket A; score 8
D04,Alchemy Face Bar Lower Greenville Dallas,Dallas,Texas,US,Lower Greenville,http://alchemyfacebar.com/,(972) 803-6044,,5,172,Medical spa,"5602 Bell Ave, Dallas, TX",ChIJcTofFd-fToYRiVRFjFOMR9U,false,false,false,false,false,false,false,false,8,A,single-location indie on Lower Greenville — automation compounds where the owner runs the front desk,Dallas+Boston; bucket A; score 8
D05,UPKEEP Med Spa,Dallas,Texas,US,Vickery Place,https://www.upkeepmedspa.com/,(833) 875-3377,info@upkeepmedspa.com,4.9,880,Medical spa,"5207 Bonita Ave, Dallas, TX",ChIJAR_dnRWfToYR5ElZ5LxdzTg,true,false,false,false,false,false,false,false,7,B,880 reviews at 4.9 on Vickery Place — elite-tier indie energy in Dallas,Dallas+Boston; bucket B; score 7
D06,Mara's Med Spa,Dallas,Texas,US,Oak Lawn,https://www.marasmedspa.com/,(469) 730-3333,uptown@marasmedspa.com,4.8,596,Medical spa,"2222 McKinney Ave, Dallas, TX",ChIJVTgC-i-ZToYRnhM8bs_V0V8,true,true,false,false,false,false,false,false,10,A,596 reviews at 4.8 on Oak Lawn — elite-tier indie energy in Dallas,Dallas+Boston; bucket A; score 10
D07,InjectCo MedSpa Dallas,Dallas,Texas,US,Belmont Park,https://injectco.com/services/med-spa-dallas-tx/,(214) 216-1033,,4.9,144,Medical spa,"2520 N Carroll Ave, Dallas, TX",ChIJSWOzaeifToYRvJrkXYkPrAQ,true,false,false,false,false,false,false,false,9,A,women-owned indie on Belmont Park — front desk and owner are the same person,Dallas+Boston; bucket A; score 9
D08,Calypso Aesthetic Lab,Dallas,Texas,US,Cedar Crest,http://www.calypsoaestheticlab.com/,(832) 622-6294,,5,197,Medical spa,"1526 S Good Latimer Expy, Dallas, TX",ChIJTTvaCtqdToYRYdiL9GnoJuk,true,false,false,false,false,false,false,false,9,A,women-owned indie on Cedar Crest — front desk and owner are the same person,Dallas+Boston; bucket A; score 9
D09,The Science of Beauty,Dallas,Texas,US,Old East Dallas,https://www.thescienceofbeauty.co/,(214) 272-9240,Info@thescienceofbeautydallas.com,5,201,Medical spa,"4101 Bryan St #100, Dallas, TX",ChIJlRYFrG-ZToYR8Q7o9DDXScI,false,false,false,false,false,false,false,false,8,A,201 reviews at 5 stars across Old East Dallas — operator-cares-about-every-client,Dallas+Boston; bucket A; score 8
D10,Laser Bar Medspa,Dallas,Texas,US,Old East Dallas,https://laserbarandaesthetics.com/,(469) 396-8514,booking@laserbarandaesthetics.com,5,45,Medical spa,"3110 Swiss Ave, Dallas, TX",ChIJl24puqabToYRb0znVZ8xETA,true,false,false,true,false,false,false,false,8,A,Black-owned indie on Old East Dallas — founder-built brand pattern,Dallas+Boston; bucket A; score 8
D11,Pbeautylab,Dallas,Texas,US,,http://pbeautylab.glossgenius.com/,(469) 456-1627,pb.labtx@gmail.com,4.9,63,Medical spa,"8500 N Stemmons Fwy, Dallas, TX",ChIJv5isXwGdToYROVqM2mEa3ig,true,true,false,false,false,false,false,false,10,A,Latino + women-owned indie on  — community-led founder energy,Dallas+Boston; bucket A; score 10
D12,The Brow Project,Dallas,Texas,US,Cedar Crest,http://www.thebrowproject.com/,(945) 221-6806,booking@thebrowproject.com,5,542,Medical spa,"1904 S Harwood St, Dallas, TX",ChIJa_k-9_ShToYRu7GmwIQSJg8,true,false,false,false,false,false,false,false,9,A,542 reviews at 5 on Cedar Crest — elite-tier indie energy in Dallas,Dallas+Boston; bucket A; score 9
D13,SureMED Aesthetics,Dallas,Texas,US,,https://www.suremedaes.com/,(972) 619-9652,info@suremedaes.com,5,110,Medical spa,"7929 Brookriver Dr, Dallas, TX",ChIJOzkP0yudToYR7-UxH1rdwFI,true,false,false,false,false,false,false,false,9,A,women-owned indie on  — front desk and owner are the same person,Dallas+Boston; bucket A; score 9
B01,Skin Deep Med Spa,Boston,Massachusetts,US,Back Bay,https://www.skindeepmedspa.com/,(617) 299-7144,skindeepmedspaboston@gmail.com,4.6,36,Medical spa,"231 Newbury St, Boston, MA",ChIJRWkr7A5644kRoMZtsOyrFo4,true,false,false,false,false,false,false,false,6,B,women-owned indie on Back Bay — front desk and owner are the same person,Dallas+Boston; bucket B; score 6
B02,Sound Shapes Med Spa,Boston,Massachusetts,US,North End,http://www.sound-shapes.com/,(617) 367-1900,pauls@sound-shapes.com,4.9,96,Medical spa,"28 Atlantic Ave, Boston, MA",ChIJSc4kt4lw44kRS5mbn6BhzPI,false,false,false,false,false,false,false,false,8,A,single-location indie on North End — automation compounds where the owner runs the front desk,Dallas+Boston; bucket A; score 8
B03,Glamour Med Spa and Beauty Bar,Boston,Massachusetts,US,Hyde Square,http://www.glamourmedspaandbeautybar.com/,(978) 930-7089,Glamourbyglendely@gmail.com,4.9,66,Medical spa,"360c Centre St, Boston, MA",ChIJKVrqX-dx44kRQ2KprLxtloA,true,true,false,true,false,false,false,false,10,A,Latino + women-owned indie on Hyde Square — community-led founder energy,Dallas+Boston; bucket A; score 10
B04,Dam Medspa,Dorchester,Massachusetts,US,Dorchester,https://www.dammedspa.com/,(617) 763-1833,hello@dammedspa.com,5,320,Medical spa,"1370 Dorchester Ave, Dorchester, MA",ChIJ8w6oUyp744kRUKvjPf-heKM,false,false,false,false,true,false,false,false,9,A,320 reviews at 5 stars across Dorchester — operator-cares-about-every-client,Dallas+Boston; bucket A; score 9
B05,Vega Vitality MedSpa Seaport Boston,Boston,Massachusetts,US,South Boston Waterfront,https://vegavitality.com/,(617) 658-3421,info@vegavitality.com,4.9,76,Medical spa,"451 D St, Boston, MA",ChIJmZak_E5744kRSLs696ckbfI,true,false,false,false,false,false,false,false,9,A,women-owned indie on South Boston Waterfront — front desk and owner are the same person,Dallas+Boston; bucket A; score 9
B06,Shah Wellness and Medspa,Boston,Massachusetts,US,Back Bay,http://www.shahmedspa.com/,(617) 380-3770,Info@shahmedspa.com,5,197,Medical spa,"376 Boylston St, Boston, MA",ChIJl4G9TnF744kRcHoZPh27Ihc,false,false,false,false,false,false,false,false,8,A,single-location indie on Back Bay — automation compounds where the owner runs the front desk,Dallas+Boston; bucket A; score 8
B07,Boston Medical Aesthetics,Boston,Massachusetts,US,Government Center,https://www.bostonmedicalaesthetics.net/,(617) 973-9700,info@bostonmedicalaesthetics.net,4.9,274,Medical spa,"21 Merchants Row, Boston, MA",ChIJjTbKeYZw44kRU9CMg4IAhoE,true,false,false,false,false,false,false,false,9,A,women-owned indie on Government Center — front desk and owner are the same person,Dallas+Boston; bucket A; score 9
B08,SEAPORT MEDSPA South Boston,Boston,Massachusetts,US,South Boston,http://seaportmedspa.com/,(617) 681-8244,hello@seaportmedspa.com,5,385,Medical spa,"536 E Broadway, Boston, MA",ChIJH51FQnZx44kRZU__r_jmAl0,true,false,false,false,false,false,false,false,9,A,385 reviews at 5 stars across South Boston — operator-cares-about-every-client,Dallas+Boston; bucket A; score 9
B09,Venus Spa,East Boston,Massachusetts,US,East Boston,https://venusbestspa.com/,(857) 576-0113,,5,114,Medical spa,"50 Meridian St, East Boston, MA",ChIJJ8yER0Nw44kRHVbqAHM_VPs,true,false,false,false,false,false,false,false,9,A,women-owned indie on East Boston — front desk and owner are the same person,Dallas+Boston; bucket A; score 9
B10,SIMMETRIA MedSpa,Boston,Massachusetts,US,Columbus,https://simmetria.us/,(617) 412-7323,info@simmetria.us,5,102,Medical spa,"565 Columbus Ave, Boston, MA",ChIJcQjMEmV744kRBIPSGALBOWw,true,false,false,false,false,false,false,false,9,A,women-owned indie on Columbus — front desk and owner are the same person,Dallas+Boston; bucket A; score 9
B11,Spruce Skin,Boston,Massachusetts,US,South Boston,https://spruce-skin.com/,(978) 795-4799,,5,243,Medical spa,"381 W Broadway, Boston, MA",ChIJP8HQbNV744kRT2yQXoUT_5s,true,false,false,false,false,false,false,false,9,A,243 reviews at 5 stars across South Boston — operator-cares-about-every-client,Dallas+Boston; bucket A; score 9
B12,DeluxeBar Medical Aesthetics,Boston,Massachusetts,US,Columbus,http://www.thedeluxebar.com/,(781) 561-0076,skincareconsult@thedeluxebar.com,4.9,201,Medical spa,"55 Dartmouth St, Boston, MA",ChIJy_GVIil744kR9YRYZoHKkZk,false,false,false,false,false,false,false,false,8,A,single-location indie on Columbus — automation compounds where the owner runs the front desk,Dallas+Boston; bucket A; score 8
B13,Recharge on Clarendon Medspa,Boston,Massachusetts,US,Columbus,http://rechargemedspa.com/,(617) 249-3970,,4.9,66,Medical spa,"12 Clarendon St, Boston, MA",ChIJIcFKb4N744kRV5pcNMC3z8I,true,false,false,false,false,false,false,false,9,A,women-owned indie on Columbus — front desk and owner are the same person,Dallas+Boston; bucket A; score 9
B14,Highstyle,Boston,Massachusetts,US,Downtown,https://www.highstylelaser.net/,(617) 261-7101,,4.9,59,Medical spa,"200 High St, Boston, MA",ChIJof-xO4dw44kRic7qJOie1XM,false,false,false,false,false,false,false,false,8,A,single-location indie on Downtown — automation compounds where the owner runs the front desk,Dallas+Boston; bucket A; score 8
B15,Bella Sante Day Spa Med Spa,Boston,Massachusetts,US,Back Bay,https://bellasante.com/,(617) 424-9930,,4.7,531,Medical spa,"38 Newbury St, Boston, MA",ChIJH0wd2HR644kRHH-UBNOCKKA,true,false,false,false,false,false,false,false,9,A,women-owned indie on Back Bay — front desk and owner are the same person,Dallas+Boston; bucket A; score 9
H01,Feta Candles & Massage,Webster,Texas,US,Clear Lake,http://www.fetacandlesandmassage.com/,(281) 707-8651,fetacandles@yahoo.com,4.9,94,Medical spa,"16250 Galveston Rd b4, Webster, TX 77598",ChIJ199rvb2dQIYRn80fsNTYh_o,true,false,true,true,false,false,true,false,10,A,Black-owned indie on Clear Lake — founder-built brand pattern,Houston; bucket A; score 10
H02,Gemini Urgent Care - Clear Lake,Houston,Texas,US,Clear Lake,https://www.geminiurgentcare.com/,(281) 461-1111,info@geminiurgentcare.com,4.9,1281,Medical spa,"2409 Falcon Pass #100, Houston, TX 77062",ChIJtQcQ_jecQIYReJPSQ_E1LIg,true,false,false,false,false,true,false,false,7,B,1281 reviews at 4.9 on Clear Lake — elite-tier indie energy in Houston,Houston; bucket B; score 7
H03,6 Senses Dermacare & Massage,Houston,Texas,US,Clear Lake,http://www.6sensesdermacare.com/,(281) 786-9956,,4.9,154,Skin care clinic,"16815 Royal Crest Dr #190A, Houston, TX 77058",ChIJ67Q0mgGdQIYRgrUgnW5-L50,true,false,false,false,false,false,true,false,9,A,women-owned indie on Clear Lake — front desk and owner are the same person,Houston; bucket A; score 9
H04,Renew You Esthetics,Houston,Texas,US,Clear Lake,http://www.renewyouesthetics.org/,(832) 274-1099,cassi@renewyouesthetics.net,5,33,Medical spa,"17043 El Camino Real Suite 120, Houston, TX 77058",ChIJaaNCGuybQIYRbHJj_PRHOTs,true,false,false,false,false,false,true,false,7,B,women-owned indie on Clear Lake — front desk and owner are the same person,Houston; bucket B; score 7
H05,PS Medical Spa,Houston,Texas,US,Clear Lake,https://www.psmedspa.com/?utm_source=google&utm_medium=organic&utm_campaign=gmb,(281) 819-1147,,5,103,Medical spa,"14018 Aesthetic Cir, Houston, TX 77062",ChIJ_0d6Y_ebQIYRujbsjMLdpTA,false,false,false,false,false,false,false,false,8,A,single-location indie on Clear Lake — automation compounds where the owner runs the front desk,Houston; bucket A; score 8
H06,Health Fusion Drip Spa,Friendswood,Texas,US,Clear Lake,http://www.healthfusiondripspa.com/,(281) 218-3747,,4.9,184,Medical spa,"500 Baybrook Mall #1126, Friendswood, TX 77546",ChIJd4GUIIebQIYRbEY_TaR05k8,false,false,false,false,false,false,true,true,8,A,single-location indie on Clear Lake — automation compounds where the owner runs the front desk,Houston; bucket A; score 8
C01,"Late Night Medspa, Chicago",Chicago,Illinois,US,Lake View,https://latenightmedspa.com/,(872) 346-2590,info@latenightmedspa.com,4.9,45,Medical spa,"3741 N Halsted St, Chicago, IL 60613",ChIJ75qWLPXTD4gRbXI3bLT9kp8,true,false,true,true,false,true,true,false,8,A,Black-owned indie on Lake View — founder-built brand pattern,Chicago; bucket A; score 8
C02,SHAPERZ ELITE WELLNESS & AESTHETICS,Chicago,Illinois,US,Mount Greenwood,https://www.shaperzwellness.com/,(773) 658-5157,ShaperzInc@gmail.com,4.9,140,Medical spa,"3135 W 111th St, Chicago, IL 60655",ChIJeQtbOrU7DogR-lKYfWNhDVg,true,true,false,true,false,false,true,false,10,A,Latino + women-owned indie on Mount Greenwood — community-led founder energy,Chicago; bucket A; score 10
C03,MEDTA Immediate Care Clinic,Chicago,Illinois,US,South Side,http://www.medtaclinic.com/,(773) 940-2062,,4.9,57,Medical spa,"1858 W 35th St Suite B, Chicago, IL 60609",ChIJ-WxNcsQtDogRfHY_AbP-IBg,false,false,false,false,false,false,true,false,8,A,single-location indie on South Side — automation compounds where the owner runs the front desk,Chicago; bucket A; score 8
C04,Therahaus Wellness Med Spa,Chicago,Illinois,US,South Loop,https://therahauswellness.com/,(312) 820-9688,,5,34,Medical spa,"2335 S Michigan Ave First Floor, Chicago, IL 60616",ChIJx01tJb4tDogRj9CWQ-seL8s,true,false,false,false,false,true,false,false,7,B,women-owned indie on South Loop — front desk and owner are the same person,Chicago; bucket B; score 7
C05,Dose Of Beauty Aesthetics,Chicago,Illinois,US,Clearing West,https://www.doseofbeautyaesthetics.com/,(312) 818-2870,contact@doseofbeautyaesthetic.com,5,118,Medical spa,"5637 W 63rd St, Chicago, IL 60638",ChIJx--dFOMxDogRTeUO-kXN2YY,false,false,false,false,false,false,true,false,8,A,single-location indie on Clearing West — automation compounds where the owner runs the front desk,Chicago; bucket A; score 8
C06,Dvida Med Spa | Med Spa Services 60654,Chicago,Illinois,US,Near North Side,http://www.dvidaspa.com/,(312) 374-3352,,4.9,602,Medical spa,"677 N Clark St, Chicago, IL 60654",ChIJ3c__BbQsDogR33xP9EeDYFw,false,false,false,false,false,false,true,true,6,B,602 reviews at 4.9 on Near North Side — elite-tier indie energy in Chicago,Chicago; bucket B; score 6
C07,Tres Jolie Medical Spa and Wellness Center,Chicago,Illinois,US,Pilsen,https://tresjoliemedicalspa.com/,(312) 929-4508,frontdesk@tresjoliemedicalspa.com,4.8,135,Medical spa,"901 W 18th St, Chicago, IL 60608",ChIJ65sc9B0tDogRPdTZhhNJdJ4,true,false,false,false,false,false,true,true,9,A,women-owned indie on Pilsen — front desk and owner are the same person,Chicago; bucket A; score 9
C08,Radiant Beauty Med Spa,Chicago,Illinois,US,South Loop,https://radiantbeautymedspa.com/,(312) 900-7300,radiantbeautyrn@gmail.com,5,118,Medical spa,"1440 S Michigan Ave, Chicago, IL 60605",ChIJe4gepEIrDogRlUdKWaGfMp0,true,false,false,false,false,false,true,true,9,A,women-owned indie on South Loop — front desk and owner are the same person,Chicago; bucket A; score 9
C09,Luxura Med Spa,Chicago,Illinois,US,South Loop,https://luxuramedspa.com/,(773) 453-7500,,4.9,135,Medical spa,"1250 S Michigan Ave, Chicago, IL 60605",ChIJhZYHXa8tDogRoR9dejc-13E,true,false,false,false,false,false,true,true,9,A,women-owned indie on South Loop — front desk and owner are the same person,Chicago; bucket A; score 9
C10,Reflections Med Spa,Chicago,Illinois,US,South Side,https://www.reflectionsmedspa.com/?utm_source=GBP,(773) 380-9929,info@reflectionschicagomedspa.com,5,55,Medical spa,"5311 S Harlem Ave Suite 100, Chicago, IL 60638",ChIJTbtn1n03DogRf96qaJrnZ4A,true,false,false,false,false,false,true,true,9,A,women-owned indie on South Side — front desk and owner are the same person,Chicago; bucket A; score 9
S01,"Katie Duncan, San Diego Aesthetics",,,,,https://sandiegoaesthetics.com/,(858) 258-9032,hello@sandiegoaesthetics.com,5,37,Medical spa,,ChIJYUXyqfN4aiQRzcdfzkHimrw,false,false,false,false,false,false,true,false,6,B,single-location indie on  — automation compounds where the owner runs the front desk,San Diego; bucket B; score 6
S02,"Brittney Aesthetics, A Nursing Corp.",San Diego,California,US,Carmel Valley,http://www.brittneyaesthetics.com/,(858) 683-8857,barbie@portraitspa.com,5,61,Medical spa,"12625 High Bluff Dr #102, San Diego, CA 92130",ChIJwet28ND724ARMs08pjjGXjA,true,false,false,false,false,false,true,false,9,A,women-owned indie on Carmel Valley — front desk and owner are the same person,San Diego; bucket A; score 9
S03,Del Mar Aesthetic Clinic,Del Mar,California,US,Del Mar Heights,http://www.delmaraesthetic.com/,(858) 259-4772,yourbestyou@delmaraesthetic.com,4.9,52,Skin care clinic,"13983 Mango Dr, Del Mar, CA 92014",ChIJ09A4yqMI3IARQLuSgl4rWL8,false,false,false,false,false,false,true,false,8,A,single-location indie on Del Mar Heights — automation compounds where the owner runs the front desk,San Diego; bucket A; score 8
S04,"Love To Live, MD",Del Mar,California,US,,https://lovetolivespa.com/,(858) 242-7008,info@lovetolivespa.com,5,47,Medical spa,"3790 Via De La Valle #212, Del Mar, CA 92014",ChIJhY-3APsI3IARf1DGT2v_neU,false,false,false,false,false,false,true,false,6,B,single-location indie on  — automation compounds where the owner runs the front desk,San Diego; bucket B; score 6
S05,Neu Look Med Spa & Skin Center,San Diego,California,US,Torrey Highlands Village,https://neulookskin.com/,(858) 538-5665,//www.google.com/maps/place/Neu+Look+Med+Spa+%26+Skin+Center/@32.961249,4.8,136,Medical spa,"7805 Highlands Village Pl G103, San Diego, CA 92129",ChIJb0H_TRn424ARxxbc4kogOhE,true,false,false,false,false,false,true,false,9,A,women-owned indie on Torrey Highlands Village — front desk and owner are the same person,San Diego; bucket A; score 9
S06,Be Youthful Aesthetics,San Diego,California,US,Rancho Bernardo,http://beyouthfulaesthetics.com/,(858) 618-1156,,5,420,Medical spa,"11939 Rancho Bernardo Rd UNIT 110, San Diego, CA 92128",ChIJLQCzpdDx24AR4RwdAnvbntk,true,false,false,false,true,false,true,false,10,A,420 reviews at 5 on Rancho Bernardo — elite-tier indie energy in San Diego,San Diego; bucket A; score 10
S07,Coastal Medical Aesthetics,San Diego,California,US,Carmel Valley,https://coastalmedi.com/?y_source=1_MTA4NDg5MjI3Mi03MTUtbG9jYXRpb24ud2Vic2l0ZQ%3D%3D,(858) 353-7171,info@coastalmedi.com,4.8,155,Medical spa,"3435 Del Mar Heights Rd #D6 - A, San Diego, CA 92130",ChIJhz1hzJwI3IARmAAtTwU8VBg,false,false,false,false,false,false,true,true,8,A,single-location indie on Carmel Valley — automation compounds where the owner runs the front desk,San Diego; bucket A; score 8
S08,ALCHEME Medical Spa Del Mar,San Diego,California,US,Carmel Valley,https://www.medspa-delmar.alchemehealth.com/,(858) 299-4990,info@alchemehealth.com,4.9,113,Medical spa,"12895 Paseo Vlg Wy, San Diego, CA 92130",ChIJRyICfUEJ3IAR7ow1mgX-VCE,true,false,false,false,false,false,true,false,9,A,women-owned indie on Carmel Valley — front desk and owner are the same person,San Diego; bucket A; score 9
S09,"Dermacare Medical Aesthetics, Rancho Bernardo",San Diego,California,US,Rancho Bernardo,https://www.dermacaresandiego.com/,(858) 294-1629,,4.9,190,Medical spa,"11770 Bernardo Plaza Ct #101, San Diego, CA 92128",ChIJ8aQdcNPw24ARvwdAfi6irQo,false,false,false,false,false,false,true,true,8,A,single-location indie on Rancho Bernardo — automation compounds where the owner runs the front desk,San Diego; bucket A; score 8
S10,Lounge MedSpa Aesthetics and Wellness,San Diego,California,US,Carmel Valley,https://www.loungemedspa.com/,(858) 847-0800,,5,60,Medical spa,"12264 El Camino Real #115, San Diego, CA 92130",ChIJO9sUqMsH3IAREB3YwB2NxkI,false,false,false,false,false,false,true,false,8,A,single-location indie on Carmel Valley — automation compounds where the owner runs the front desk,San Diego; bucket A; score 8
